K10E0180001,Joseph K M,919446250316,v p houseayikkarapadimalappuram dt,"FLOWERS,CLASSIC PRIME",245.18,00555433590
K10E0180002,Muhammed A,919544808484,mundakkal houseayikkarapadimalappuram dt,"CLASSIC PRIME,FLOWERS",245.18,2922608465
K10E0180006,Saadil P V,919288884422,MALARVADIPERIYAMBALAMPULIKKAL P O,"SPORTS PREMIUM,DISNEY JUNIOR",302.02,00664303214
K10E0180007,ASHIQUE,919744312456,kalarikandi periyambalam pulikkal,"FLOWERS,CLASSIC PRIME",245.18,00652846285
K10E0180008,KUNHIMARAKKAR P,919895784564,FEBINAMANZILPERIYAMBALAM,"FLOWERS,CLASSIC PRIME",245.18,00652860668
K10E0180012,ABDUL AZEEZ K,919847330103,CHERAKKALAHIL PERIYAMBALAMPULIKKAL,"SONY TEN 1,FLOWERS,CLASSIC PRIME,SONY TEN 2",279.18,00652860690
K10E0180013,GIREESHAN K,919747983912,KOTTARATHIL,"FLOWERS,CLASSIC PRIME",245.18,00652847917
K10E0180018,Shuhaib Saidali,918129093637,chalakkandiayikkarappadi,SPORTS PREMIUM,299.02,00652898707
K10E0180019,Vineethe,919895463693,kunderi paravoor pulikkal,"FLOWERS,CLASSIC PRIME",245.18,00652919997
K10E0180020,Mujeeb Rahman,919846661278,vettath houseperiyambalampulikkal,"CLASSIC PRIME,FLOWERS",245.18,00654778369
K10E0180022,Bijesh K,919947555982,kottarathil houskv kavu,"FLOWERS,CLASSIC PRIME",245.18,00652894948
K10E0180023,Mohammed Kutty P K,919847466499,kuriyodamayikkarappadi,"FLOWERS,CLASSIC PRIME",245.18,00652915115
K10E0180024,Junaise K,919947272845,devasam parambperiyambalampulikkal,"CLASSIC PRIME,FLOWERS",245.18,00646147921
K10E0180028,SAJEESH KUMAR P,919846580736,VALIYAPILAKKALK V KAVU,"CLASSIC PRIME,FLOWERS",245.18,00652916959
K10E0180029,P K Athif,919745999900,diya cleaningkuriyedam,CLASSIC PRIME HINDI BASE,251.76,00655697095
K10E0180033,V M KUTTY,919895222072,DARUSSALAMPULIKKALMALAPPURAM,"FLOWERS,CLASSIC PRIME",245.18,00652884745
K10E0180035,Mubabasheer A[najeeb],919605968481,puliliyathpurayilpulikkal,"SONY TEN 2,FLOWERS,CLASSIC PRIME",260.18,00652748251
K10E0180041,Anwar P K,919605793422,kuttiyilpallikkal,"FLOWERS,CLASSIC PRIME",245.18,00655719720
K10E0180042,Saidalavi A,919961235657,parakotumpuraik v kavu,SPORTS PREMIUM,299.02,00652914912
K10E0180043,Muhemmedkutty Pk,919847971024,darul mufeedakv kavu,"SONIC,DISCOVERY KIDS,KOCHU TV,FLOWERS,ZEE KERALAM,CLASSIC MEDIUM",150.1,00652833686
K10E0180044,Ahamed Kutty V,919496477021,vengat houseputhoopadam,"FLOWERS,CLASSIC PRIME",245.18,00652915008
K10E0180047,MUHAMMED KUTTY K,918547115452,KOLACHARAMMAL HOUSEPULIKKAL,"FLOWERS,CLASSIC PRIME",245.18,00652918756
K10E0180049,Vinod Kumar O,919744369045,olasseryparavoorpulikkal,CLASSIC PRIME,235.18,00654801082
K10E0180050,FASIL K,918606090904,CHAKKACHAM THODIPARAVOORPULIKKAL,"CLASSIC PRIME,FLOWERS",245.18,00652885153
K10E0180051,RAJESH P,919847597567,PUTHIYEDATHTHIRUMALA ROAD,"FLOWERS,CLASSIC PRIME",245.18,00652919438
K10E0180052,Abdu Rahiman K,919847309482,kozhikodan houseperiyambalampulikkal,SPORTS PREMIUM,299.02,00652885856
K10E0180053,Ajith Kumar.k,919447585897,kunnathpulikkal/malappuram,"FLOWERS,CLASSIC PRIME",245.18,00652910071
K10E0180054,Baburajan K,919656915739,karathika bhavanparavoorpulikkal,"FLOWERS,CLASSIC PRIME",245.18,00652911000
K10E0180055,Ramakrishna Menon M P,919847337754,muthal puredathsreevaikundampulikkal,"CLASSIC MEDIUM,TEN 1 HD,ZEE KERALAM HD,ASIANET PLUS,FLOWERS,SURYA TV HD,ASIANET MOVIES,NGC WILD HD,ASIANET HD,M TV BEATS HD,SURYA MOVIES,MAZHAVIL MANORAMA HD",242,00664372473
K10E0180056,SAJITH K,919847816171,KUNNATH/PULIKKALMALAPPURAM,ECONOMY,267.36,00652727506
K10E0180057,Muhammed Harif A,919526632057,srambiyekkalkv kavu po,SPORTS PREMIUM,299.02,00652888732
K10E0180058,Raveendra Nathan K,919656813149,parapurathpulikkal populikkal673637,"FLOWERS,CLASSIC PRIME",245.18,00652921431
K10E0180064,Shameerali K,919847731291,ambalil hpusesiyamkandam,"FLOWERS,CLASSIC PRIME",245.18,00652892221
K10E0180065,ABDUL JALEEL V P,919539303012,AMBANADATH HOUSECHOLAKKODE K V KAVU,"SONY MAX,SONY TEN 3,SONY TEN 2,SONY TEN 1,FLOWERS,CLASSIC PRIME",315.18,00652910704
K10E0180066,Devadasan V,919847540696,edathodi housecholakkodek v kavu,"FLOWERS,CLASSIC PRIME",245.18,00654821724
K10E0180068,Balakrishnan,919846992346,ayikkarappadi,"SONY TEN 3,SONY TEN 2,SONY TEN 1,FLOWERS,CLASSIC PRIME",296.18,00652757669
K10E0180073,Achuthan Eriyat,919995428544,anjanamvennayoorayikkarappadi,"CLASSIC PRIME,FLOWERS",245.18,00652727721
K10E0180074,Smithesh V,919746464066,vennathodi houseparavoorpulikkal,"FLOWERS,CLASSIC PRIME",245.18,00652784287
K10E0180075,Abdul Nasar K,919447191085,devasam parambakolloliperiyambalampulikkal,"FLOWERS,CLASSIC PRIME",245.18,00652906567
K10E0180076,Noushad V,919047464631,chundampalathpulikkalmalappuram dt,"FLOWERS,CLASSIC PRIME",245.18,00654692410
K10E0180077,Sasidharan K,919847303420,thengat housepulikkal,"FLOWERS,CLASSIC PRIME",245.18,00652766557
K10E0180079,BALAKRISHNAN NAIR P,919746740585,KOUSHUBHASREEAYIKKARAPPADIMALAPPURAM,"CLASSIC PRIME,FLOWERS,INDIA TODAY",246.18,00652739428
K10E0180080,K K PANIKKAR,918547391874,AYIKKARAPPADI,"FLOWERS,CLASSIC PRIME",245.18,00652814345
K10E0180081,THANKAMANI.P,919745494187,CHALAKKILPURAYPULIKAL/MALAPPURAM,"FLOWERS,CLASSIC PRIME",245.18,00652768985
K10E0180083,AJEESH.K,919847035994,KOTTEKKAT(H)K V KAVEMALAPPURAM,"CLASSIC PRIME,FLOWERS,FOX LIFE",246.18,00652844445
K10E0180084,SREEDHARAN.K,919847778265,NARAYANEEYAMK V KAVUMALAPPURAM,"CLASSIC PRIME,FLOWERS",245.18,00652844658
K10E0180088,ABDU RAHMAN. P N,919895313706,POOTHILAILPURAYPULIKKALMALAPPURAM,"FLOWERS,CLASSIC PRIME",245.18,00655600171
K10E0180092,SASI.V,919946182759,HOUSEPALLIKKALMALAPPURAM,"FLOWERS,CLASSIC PRIME",245.18,00654686951
K10E0180093,Prabhakarana Ak,917592060326,Kulacharammal.velukuuty Pulikkal Cherukavu,"CLASSIC PRIME,SONY SIX,FLOWERS",260.18,V19LR0611AB001061
K10E0180094,MOHAMMED KUTTY,918281186393,THAZHATHODUVILPULIKKAL/MALAPPURAM,"CLASSIC PRIME,NICK JUNIOR,FLOWERS",246.18,00652788953
K10E0180096,RAJEEV.P,919847763355,PAYINGARA.HOUSEPULIKKAL/MALAPPURAM,"FLOWERS,CLASSIC PRIME",245.18,00646059133
K10E0180097,P K Ahammed Shameem,919746331413,kotatil housesiyamkandampulikkal,"FLOWERS,CLASSIC PRIME",245.18,00652858982
K10E0180102,Abdulkareem T C,919605557555,hacharakavil house pulikkal p o malappuram ds,"ASIANET,CLASSIC MEDIUM,FLOWERS",159,00646084479
K10E0180105,Velayudhan P,919567102822,cherikuzhipurayilk v kavu,SPORTS PREMIUM,299.02,00646173051
K10E0180115,Vijayan K,919947943370,thachambalathpuray,"FLOWERS,CLASSIC PRIME",245.18,00654611415
K10E0180116,Narayanan,919961439251,harikrishna nivasambalakkandik v kavu,"FLOWERS,CLASSIC PRIME",245.18,00646084768
K10E0180117,Appu,919744121239,madurangottuayikkarappadi,"FLOWERS,CLASSIC PRIME",245.18,00655719804
K10E0180119,Abilash,919746357184,akkaramalkolanik v kavu,"FLOWERS,CLASSIC PRIME",245.18,00646048281
K10E0180121,Roshil V,919562565544,valappurathparavoor,"FLOWERS,CLASSIC PRIME",245.18,2941875540
K10E0180125,Gopinathan Kk,919446769478,kottamparambathkuriyedamayikkarappadi,"FLOWERS,CLASSIC PRIME",245.18,00646093008
K10E0180126,Venugopal E,919496172038,vennayoor ayikkarapadi,ECONOMY,267.36,00704286862
K10E0180127,Abdulrasak A,919895301105,cholakkarakuriyodamayikkarappadi,SPORTS PREMIUM,299.02,00646088067
K10E0180131,Saidalvi A,919961125010,attyolik v kavucholakkode,"FLOWERS,CLASSIC PRIME",245.18,2937418883
K10E0180132,Santhosh K,919745678467,kakkanadvennathodiparavoorpulikkal,"FLOWERS,CLASSIC PRIME",245.18,00646056953
K10E0180134,Ashrudheen M,919961182990,pulkandipuraik v kavu,SPORTS PREMIUM,299.02,00646085898
K10E0180135,Unnikrishnan P,919495205138,muzhippurathsiyamkandam,"FLOWERS,CLASSIC PRIME",245.18,00646057125
K10E0180137,Viswanathan T,919847114183,nanginiyathvennayoorayikkarappdi,"CLASSIC PRIME,FLOWERS",245.18,2941332825
K10E0180139,Rajesh E C,919288191809,cheloor vennayoor ayikkarappadi,"FLOWERS,ASIANET,POGO,KOCHU TV,CLASSIC MEDIUM",168.25,00646245474
K10E0180141,Binshad E,919400366722,edathodiayikkarapadi,"FLOWERS,CLASSIC PRIME",245.18,00652937811
K10E0180142,Abdul Azeez,919895439047,arafa manzilayikkarapadimalappuram,"CLASSIC PRIME,FLOWERS",245.18,00654628735
K10E0180143,Abdul Hameed,919526362154,pulikkalnear sunni masjid,ECONOMY,267.36,00654629152
K10E0180145,Rajeev,919020854899,sheeba nivasayikkrarapadimalappuram dt,SPORTS PREMIUM,299.02,00654773147
K10E0180146,Abdul Naseek,919656280877,manoliayikkarapadimalappuram,"CLASSIC PRIME,FLOWERS",245.18,00654635602
K10E0180148,Thanseem Aslam P,919656131321,thasneem mahalayikkarapadimalappuram,"ASIANET MOVIES,CLASSIC MEDIUM",145,00654815128
K10E0180150,Musafar K K,919847867183,ayikkarapadi,"FLOWERS,SONY TEN 1,CLASSIC PRIME",264.18,00652923532
K10E0180152,Sainul Abid,918086840580,srambiyekkalk v kavu,"FLOWERS,CLASSIC PRIME",245.18,00654604212
K10E0180155,Chandramathi P,919745394323,sreesailampulikkal,"FLOWERS,CLASSIC PRIME",245.18,00654611327
K10E0180158,Subaidha P,919847586942,pudiyaparambathayikkarapadi,"FLOWERS,CLASSIC PRIME",245.18,00654611427
K10E0180162,Mohammed K T SADEEM,919747019580,poolapottayilpulikkal p omalappuram dt,"FLOWERS,CLASSIC PRIME",245.18,00654837327
K10E0180164,Jayaprakash K,919446683379,sarooj nivask v kavumalappuram dt,"FLOWERS,CLASSIC PRIME",245.18,00654727274
K10E0180165,Abhilash C,919605684576,cheruthodipurai housepulikkal p o,"FLOWERS,CLASSIC PRIME",245.18,00654724795
K10E0180166,Abdul Salam N E,919567173905,edakatt house ayikkarapadi,"FLOWERS,CLASSIC PRIME,SONY TEN 3,SONY TEN 2,SONY TEN 1",296.18,00655632789
K10E0180167,Sreedaran P,919895401304,kanchipurathayikkarapadimalappuram dt,"POGO,FLOWERS,CLASSIC PRIME",249.43,00654741214
K10E0180168,Jayakumar P C,919747399103,elothilayikkarapadimalappuram dt,"FLOWERS,CLASSIC PRIME",245.18,00654740858
K10E0180169,Jayaprakash P,919744049103,panagatt ayikkarapadi,"SONY TEN 3,SONY TEN 1,SONY TEN 2,FLOWERS,CLASSIC PRIME",296.18,00655611139
K10E0180172,Arumughan K,919895869036,palikkara houseayikkarapadi,"VH1 MUSIC,FLOWERS,CLASSIC PRIME",246.18,00655712425
K10E0180173,Rajeevan O,919947349795,kalathingal houseayikkarapadi,"FLOWERS,CLASSIC PRIME",245.18,3150006937
K10E0180174,Raveendran,919847944420,seemakuriyodam,"FLOWERS,CLASSIC PRIME",245.18,00646084998
K10E0180175,Udayakumar U K,919809150530,noohipurath housepulikkal p o,"FLOWERS,CLASSIC PRIME",245.18,0B0664A7
K10E0180177,Vinayakumar E,919495492459,nandana housevennayur,"FLOWERS,CLASSIC PRIME",245.18,00654745729
K10E0180178,KARAPPAN..P,919633937093,ayikkarapadi,"FLOWERS,CLASSIC PRIME",245.18,00654737979
K10E0180181,Mujeeb Naduthodi,919847844556,naduthodi housepulikkal p omalappuram,"FLOWERS,CLASSIC PRIME",245.18,00646064821
K10E0180182,Krishnan K,919744004413,jeshma nivask v kavu,"FLOWERS,CLASSIC PRIME",245.18,00654737668
K10E0180183,Vasu K,919605402850,aiswarya housek v kavu,"FLOWERS,CLASSIC PRIME",245.18,00654724581
K10E0180184,Kelappan,919846909471,bhavan housek v kavu,"FLOWERS,CLASSIC PRIME",245.18,00654724450
K10E0180185,Prabhakaran K,919847972296,kottarathil housek v kavu p omalappuram,"CLASSIC PRIME,FLOWERS",245.18,00654737358
K10E0180186,Velayudan T,919048187500,pulimal house k v kavu,"FLOWERS,CLASSIC PRIME",245.18,00654724508
K10E0180187,Baskaran T,918086511653,pulimal housek v kavu,"FLOWERS,CLASSIC PRIME",245.18,00654737313
K10E0180188,Ahammed Rafeeque M,919544325500,cherikuzhi hosue,"FLOWERS,CLASSIC PRIME",245.18,00655706766
K10E0180190,Ganapathi,919656268724,sreeragam ayikkarapadi,"FLOWERS,CLASSIC PRIME",245.18,00654786413
K10E0180191,SAYEDALVI,919847470352,sreevihar housepulikkal p o,"CLASSIC PRIME,FLOWERS",245.18,2923733194
K10E0180192,Suresh M K M,919946339417,sumanilayam ayikkarapadimalappuram\,"FLOWERS,CLASSIC PRIME",245.18,00654717156
K10E0180193,Subrahmanyan,919995265430,kalathingal houseayikkarapadi p opulikkal,"FLOWERS,CLASSIC PRIME",245.18,00654735552
K10E0180194,Abdul Vahid M,919809730684,thazhethekalam houueottupara,"CLASSIC PRIME,FLOWERS",245.18,00654736608
K10E0180195,ANANDAVALLY T P,919249740331,NANADANAM HOUSEPULIKKAL P O,"FLOWERS,CLASSIC PRIME",245.18,3144121605
K10E0180196,SHYLAJA O,919895654116,OLLASSERY HOUSEPARAVOORPULIKKAL PO,"CLASSIC PRIME,FLOWERS",245.18,00646046143
K10E0180197,MUNEER C K,919947853321,CHAKKAMAD HOUSEPULIKKAL P OMALAPPURAM,"FLOWERS,CLASSIC PRIME",245.18,00654769801
K10E0180199,JOSHEY C,918606680346,VENNAMKOTTAKODEPULIKKAL P OMALAPPURAMchevayoor,"CLASSIC PRIME,FLOWERS",245.18,00655610050
K10E0180205,HARISH S,919387207887,haridwarpulikkal,"CLASSIC PRIME,FLOWERS",245.18,00654735625
K10E0180208,Bijukumar P,919947943373,akkarachalateparavoorpathayakunnupulikkal,"FLOWERS,CLASSIC PRIME",245.18,2923734279
K10E0180209,Vijaykumar P T,919387366317,kalahingal houseayikkarapadimalappuram dist,"CLASSIC PRIME,FLOWERS",245.18,2937746038
K10E0180210,P Veerankutty,918089828715,palakkandipurai pallikkal,"FLOWERS,CLASSIC PRIME",245.18,00654696265
K10E0180211,Saidhalavi,919847725938,chenaparambparavoork v kavu,SPORTS PREMIUM,299.02,00693977002
K10E0180212,Nithesh K,919605254152,kacherithodisankaranvalavuparavoor,"FLOWERS,CLASSIC PRIME",245.18,00646064719
K10E0180213,Mujeeb C K,919847898780,chammaparambilpulikkal,"FLOWERS,CLASSIC PRIME",245.18,00652898684
K10E0180214,SHAHUL HAMMED,919847414658,CHAMAPARAMBIL HOUSEPERIYAMBALAM,CLASSIC PRIME,235.18,00652769023
K10E0180222,MOHAMMED SHAREEF,919847714499,THWAHA MANZIL KURIYEDAM AYIKKARAPPADI,SPORTS PREMIUM HD,338.54,00508645519
K10E0180223,Santhosh Kottarathil,919645386519,kottarathil housek v kavu,"CLASSIC PRIME,FLOWERS",245.18,00654698527
K10E0180224,Sunilkumar K,919947500202,chaithramparavoorpulikkal,ECONOMY,267.36,00655689090
K10E0180226,Murali P,919744378293,valliyilsiyamkandam,"CLASSIC PRIME,FLOWERS",245.18,00646145123
K10E0180227,Navas P N,919744444406,ambalil housesiyamkandam,"CLASSIC PRIME,FLOWERS",245.18,00646121632
K10E0180228,Subair E,919947754757,akkarachelattparavoor,"FLOWERS,CLASSIC PRIME",245.18,3150059941
K10E0180233,Shiju C,919496583108,venamgote housepulikkal,"FLOWERS,CLASSIC PRIME",245.18,00646015188
K10E0180235,Abdulnazar O,919961439283,kuttipalliyalipulikkal,"FLOWERS,CLASSIC PRIME",480.36,"00654836458, 2937282915"
K10E0180239,Suneer P,919847617320,karanghattu housepulikkal,"POGO,FLOWERS,CLASSIC PRIME,DISNEY JUNIOR,SONIC,CARTOON NETWORK",258.68,00654788178
K10E0180245,Marakkar Kutty N,919847489060,rameesa cottagek v kavu,"FLOWERS,CLASSIC PRIME",245.18,00654741234
K10E0180247,Sivajith P,919605876223,KRISHNKRIPAparavoor,"FLOWERS,CLASSIC PRIME",245.18,00693981687
K10E0180249,SIVAN M,919605334057,MAYAPPAPARAVOOR,"FLOWERS,CLASSIC PRIME",245.18,00557966803
K10E0180253,Raj,919744205881,palasserichalilkv kavu,"CLASSIC PRIME,FLOWERS",245.18,00654829389
K10E0180255,Krishnan C,919744451578,cholakkara housepallikkalnaseera manzilpulikkalpallikkal,"ZEE KERALAM HD,ASIANET HD,SPORTS PREMIUM HD",365.54,2941346280
K10E0180257,Mudabbir E,919746610410,pathayakuunnuparavoor,"FLOWERS,CLASSIC PRIME",245.18,0B06511E
K10E0180258,Velayudhan P,919961759573,nithya nivask v kavu,"FLOWERS,CLASSIC PRIME",245.18,00654812549
K10E0180260,Abdulvahab A,919961885511,chenaparambparavurkannamvettikavu,"FLOWERS,CLASSIC PRIME",245.18,00655631589
K10E0180261,Unnikrishnan K,918547392472,kottarathilparavoorpulikkal,"CLASSIC PRIME,FLOWERS",245.18,170789DA
K10E0180262,Sasi Kumar K,919495591946,kalathilvennayurayikkarapadi,"SONY TEN 2,SONY SIX,CLASSIC MEDIUM",160,00557982241
K10E0180265,Achuthapanikkar,919744698880,kalathingalayikkarapadi,"FLOWERS,CLASSIC PRIME",245.18,00683133489
K10E0180267,Koyakutty,919744374742,periyambalam,"FLOWERS,CLASSIC PRIME",245.18,97200611ab2356
K10E0180268,Ajaykumar V R,919946699346,pranavamsiyamkandammalappurama dist,CLASSIC PRIME,235.18,00655799980
K10E0180273,Jijeesh V,919947050892,karagatte housepulikkal,"FLOWERS,CLASSIC PRIME",245.18,00557486321
K10E0180274,KRISHNALAL K V,919605200728,keezhambraparavoorpulikkal,"FLOWERS,CLASSIC PRIME",245.18,00608682641
K10E0180278,RAJEESH M,919747601068,MELEDATH HOUSESYAMKANDAM,"CLASSIC PRIME,FLOWERS",245.18,2923713631
K10E0180282,Narayanan Kutty A,919447176808,MANIYILPERIYAMBALAM,"FLOWERS,CLASSIC PRIME",490.36,"00652759612, 00654698518"
K10E0180285,SREEJITH T,919656255888,THAZHEVENNATHODI,"FLOWERS,CLASSIC PRIME",245.18,2923705369
K10E0180286,VISHNU K,919961519738,CHEERAKODA,"FLOWERS,CLASSIC PRIME",245.18,2923745873
K10E0180288,SATHEESH T,919895655546,CHEERACODA,"FLOWERS,CLASSIC PRIME",245.18,2923751949
K10E0180289,Ravunnikutty,919447582019,vennayoor,"FLOWERS,CLASSIC PRIME",245.18,00704281253
K10E0180290,Sulaiman M,919847001812,mayakkara houseputhupadam,CLASSIC PRIME,235.18,00654785883
K10E0180291,Azeez P,919995428553,paloth houseayikkarapadi,"FLOWERS,CLASSIC PRIME",245.18,00654829834
K10E0180297,MANUKUTTAN,919287941255,CHRATTIL HOUSEPALLIKKAL,"FLOWERS,CLASSIC PRIME",245.18,00655800801
K10E0180298,MUHAMMED RIYAS,919744180222,AYIKKARAPADI,"FLOWERS,CLASSIC PRIME",245.18,2923734269
K10E0180301,Sammad,919446691912,kuriyodam,"SONY TEN 2,CLASSIC PRIME",250.18,3145308087
K10E0180302,Hassan V T,919847229479,kuriyedath house ayikkarappadi,"FLOWERS,CLASSIC PRIME",245.18,00654845434
K10E0180304,Shafeeq K P,918593885649,thengatt house,"FLOWERS,CLASSIC PRIME",245.18,2923712593
K10E0180306,RAMAN K,919895815991,PALLIKARA HOUSEAYIKKARAPADI,"FLOWERS,CLASSIC PRIME,SONY TEN 2",260.18,00652919994
K10E0180308,Shibu V,919995149967,vellodanparavoorvalappurath,"FLOWERS,CLASSIC PRIME",245.18,00655825364
K10E0180310,Musthafa V,919946770965,puliyathodath housepulikkal,"FLOWERS,CLASSIC PRIME",245.18,00646145023
K10E0180311,Raman Mambatta,919947762001,mambatta house,"FLOWERS,CLASSIC PRIME",245.18,00654849223
K10E0180312,Shamsudheen A,919947551035,ettathanikuzhinaykottek v kavu,CLASSIC PRIME,235.18,00646148246
K10E0180314,KRISHNADAYAL,919947446646,THAZHATAPURAKALPERIYAMBALAM,CLASSIC PRIME,235.18,2923745834
K10E0180317,KAWSAR K T,919947946345,CHAKKAMATT PARAMBKT KUNNU,SPORTS PREMIUM,299.02,00508646856
K10E0180320,SHAIJU K,919995664300,VADAKEKANDIK V KAVU,"FLOWERS,CLASSIC PRIME",245.18,00654770571
K10E0180323,RADHAKRISHNAN C,919605512684,KRISHNALAYAMPARAVOOR,"FLOWERS,CLASSIC PRIME",245.18,00655800994
K10E0180326,SIVADASAN,919605036594,KAKKANATTECHERUKAVU,"FLOWERS,CLASSIC PRIME",245.18,00654768795
K10E0180327,UNNIKRISHNAN C,919745262323,CHERUTHODIPURAYILPARAVOOR,"FLOWERS,CLASSIC PRIME",245.18,00654770543
K10E0180328,SURESH P,919496844742,KALLAYITHADATHK V KAVU,"FLOWERS,CLASSIC PRIME",245.18,00654769501
K10E0180329,JAISAL A P,918086229616,JINAN MANZILK V KAVU,"FLOWERS,CLASSIC PRIME",245.18,00654768648
K10E0180331,ASHRAF C,919526118419,CHALIYIL AMBANADATH HOUSEK V KAVU,"FLOWERS,CLASSIC PRIME",245.18,00654769085
K10E0180332,MANOJ P,919645058184,CHALAKANDI HOUSEK V KAVU,"FLOWERS,CLASSIC PRIME",245.18,00654765557
K10E0180333,SADANANDAN,919446768911,KARUNASIYAMKANDAM,"CLASSIC PRIME,FLOWERS",245.18,00655731774
K10E0180334,KRISHNAN K,919539196057,KALLAYITHADATHILK V KAVU,"FLOWERS,CLASSIC PRIME",245.18,00654768719
K10E0180335,AYYAPPAN C K,919947428341,CHELAKKATKUNNU,"FLOWERS,CLASSIC PRIME",245.18,00654776404
K10E0180336,SAIDALAVI N,919645653715,KALLAYITHADATHILK V KAVU,"FLOWERS,CLASSIC PRIME",245.18,00654829895
K10E0180341,UNNI P,919605212138,AKKARAMMALPURAI,"FLOWERS,CLASSIC PRIME",245.18,00654776971
K10E0180345,REEJA P,919847342247,FLATKURIYEDAMAYIKKARAPPADI,"FLOWERS,CLASSIC PRIME",245.18,00654776841
K10E0180346,RIYAS,919961486043,CHERUKAVUAYIKKARAPPADI,"FLOWERS,CLASSIC PRIME",245.18,00654778091
K10E0180348,RAMACHANDRAN K,919544295596,MADURANKOTEAYIKKARAPPADI,"FLOWERS,CLASSIC PRIME",245.18,00683137414
K10E0180349,BALAKRISHNAN,919496007575,NARANIYELAYIKKARAPPADI,"FLOWERS,CLASSIC PRIME",245.18,00654778051
K10E0180352,P VENUGOPALAN,919446357170,VRINDAVANAMAYIKKARAPPADI,"FLOWERS,CLASSIC PRIME",245.18,00654769028
K10E0180354,ABOOBACKER N E,919526461345,EDAKKATTU HOUSEPUTHOOPADAMAYIKKARAPPADI,"CLASSIC PRIME,FLOWERS",245.18,00654777610
K10E0180357,SATHEESH K,919995014485,MALEKKATTUAYIKKARAPPADI,"FLOWERS,CLASSIC PRIME",245.18,00654774453
K10E0180358,ABDUL GAFOOR,919567503044,THERODI HOUSEPUTHOOPADAMAYIKKARAPPADI,"FLOWERS,CLASSIC PRIME",245.18,00654769607
K10E0180359,RAJEESH V,919947500228,MALEKKATTAYIKKARAPPADI,"FLOWERS,CLASSIC PRIME",245.18,00704283558
K10E0180360,VEERANKOYA,919747571932,AYIKKARAPPADI,SPORTS PREMIUM,299.02,00654774587
K10E0180361,IBRAHIM KUTTY P K,919947340505,PALAKKATTUVENNAYOORAYIKKARAPPADI,"FLOWERS,CLASSIC PRIME",245.18,00654774594
K10E0180362,NOUFAL V P,919847335893,POOTHILAY,"FLOWERS,CLASSIC PRIME,MARVEL HQ,DISNEY",256.18,00703739180
K10E0180363,UNNIKRISHNAN V K,919526965887,KUVAYILPURAYIPULIKKAL,"SONY SIX,FLOWERS,CLASSIC PRIME,SONY TEN 1",279.18,00654770658
K10E0180364,SAYEED M K,919605222998,LU U LU U MANZILPULIKKAL,"FLOWERS,CLASSIC PRIME,SONIC,DISNEY",255.18,00646142362
K10E0180367,Preethesh V,919526374754,valappurathparavoor,"CLASSIC PRIME,FLOWERS",245.18,00655812456
K10E0180370,PRAJEESH K,919446969921,KOTTTARAMKV KAVU,"FLOWERS,CLASSIC PRIME",245.18,00654768811
K10E0180371,SHIHAB A K,919947297760,POPULAR TYRESPULIKKAL,"FLOWERS,CLASSIC PRIME",245.18,00654768845
K10E0180372,VELAYUDHAN KUTTY,919495712506,KUNDUKULANGARA,"CLASSIC PRIME,SONY PIX,STAR MOVIES,FLOWERS",267.18,00654769631
K10E0180373,GEREESH KUMAR M,919496364486,SANTHA NIVAS,"FLOWERS,CLASSIC PRIME",245.18,00654770634
K10E0180377,SURESH K,919605362151,KUTTIPALIYALI,"FLOWERS,CLASSIC PRIME",245.18,00654778193
K10E0180380,ANILKUMAR P,919947411148,DAKSHINA HOUSEAYIKKARAPPADI,SPORTS PREMIUM,299.02,00654765795
K10E0180381,SHAREEFA P,919747761883,LAKSHAM VEEDU,SPORTS PREMIUM,299.02,00654775579
K10E0180383,RAJAN M,918907222973,MAYURIKUTTIYIL,"FLOWERS,CLASSIC PRIME",245.18,3144135378
K10E0180385,MANEESH M,919747124570,KUVAYIL PURAYSIYAMKANDAM,"FLOWERS,CLASSIC PRIME",245.18,00654771739
K10E0180386,RATHNARAJ K,919446691798,KUNNATHPARAVOOR,"CLASSIC PRIME,COMEDY CENTRAL,STAR WORLD",250.18,00654766054
K10E0180388,ABDUL MAJEED C M,919961292166,CHENAPARAMBK V KAVU,"FLOWERS,CLASSIC PRIME",245.18,00654765835
K10E0180389,HARADASAN K,919946770769,GOVINDAM,"FLOWERS,CLASSIC PRIME",245.18,00654778564
K10E0180390,HASSAN KUTTY A,919947785343,AMBAYATHINGAL,"FLOWERS,CLASSIC PRIME",245.18,00654778502
K10E0180391,GIREESH P,919526591768,MANAMPURATH HOUSE,SPORTS PREMIUM,299.02,00654777983
K10E0180392,SHANAVAS P T,919544913538,VELIKKERI HOUSE,"FLOWERS,CLASSIC PRIME",245.18,00654774920
K10E0180393,RADHAKRISHNAN,919895711009,POTTAYIL HOUSEAYIKKARAPADI,"FLOWERS,CLASSIC PRIME",245.18,00654774702
K10E0180401,ABDUL MAJEED K,919633098009,PANNIKOTTILAYIKKARAPPADI,"FLOWERS,CLASSIC PRIME",245.18,3150059808
K10E0180402,YAKOOB P,919747023321,EDAKKATTUPALIYALIPUTHUPADAMAYIKKARAPADI,"FLOWERS,CLASSIC PRIME",245.18,00654774441
K10E0180404,CHERUKUNJIKOYATHANGAL,919984771118,SAYDU MANZILPERIYAMBALAM,SPORTS PREMIUM,299.02,00654770991
K10E0180405,MOOSAKUTTY M,918943763090,PADINCHARETHODI PERIYAMBALAM,SPORTS PREMIUM,299.02,00654710138
K10E0180406,CHANDRAN K,919645245295,MUTHEDATH HOUSETHIRUMALA,"FLOWERS,CLASSIC PRIME",245.18,00654776569
K10E0180408,MUHAMMED ABDUL SALAM K,919847514900,HILL PALACEPERIYAMBALAMPULIKKAL PO,"FLOWERS,CLASSIC PRIME",245.18,00654766112
K10E0180409,SOBANA K,918547686270,THEVARATHILPULIKKAL POMALAPPURAM DT,"FLOWERS,CLASSIC PRIME",245.18,00654699539
K10E0180410,ANIL P,919496408157,NAKSHATHARAPARAVOOR PULIKKAL PO,"FLOWERS,CLASSIC PRIME",245.18,00654704593
K10E0180415,PRABHAKARAN P C,919446439226,ELOLATHILKURIYEDAMAYIKKARAPADI,"CLASSIC PRIME,FLOWERS",245.18,00654769825
K10E0180416,ACHUTHAN,919447133337,KARATTUPURAILAYIKKARAPADI,"FLOWERS,CLASSIC PRIME",245.18,2923691469
K10E0180417,RAJENDRAN C,919847159320,AKKARAMMAL HOUSEK V KAVU,"FLOWERS,CLASSIC PRIME",245.18,00654776290
K10E0180418,BALACHANDRAN K,919747867238,MADURANGODE HOUSEAYIKKARAPADI,"FLOWERS,CLASSIC PRIME",245.18,00654777887
K10E0180419,JIJIL K,919744750773,KARUTHEDATHPERIJYAMBALAMPULIKKAL,"FLOWERS,CLASSIC PRIME",245.18,00654776528
K10E0180420,JAYAN K,919605910065,MANAMPURATH HOUSE,"FLOWERS,CLASSIC PRIME",245.18,00655820041
K10E0180422,NIMESH P,919995303874,KALAYITHADATHILK V KAVU,"FLOWERS,CLASSIC PRIME",245.18,00654690354
K10E0180425,RAJAN K,919947564030,MAYAPPAPALIYALIPARAVOOR,"FLOWERS,CLASSIC PRIME",245.18,00654699805
K10E0180426,SABIRA ASHRAF C,918289987095,CHAKKAMMADPERIYAMBALAM,"CLASSIC PRIME,FLOWERS,CNBC,SONY TEN 2,SONY TEN 1",283.18,00654690299
K10E0180428,ABDURAHEEM P V,918943253760,Mele VadakkungaraPulivangatt housek v kavu,CLASSIC PRIME,235.18,00654771764
K10E0180429,JAISAL K,919747528918,PANNIKOTTILAYIKKARAPADI,"FLOWERS,CLASSIC PRIME",245.18,00654631615
K10E0180431,SURENDRAN K,919947416904,KUNDUKULANGARAPERIYAMBALAM,"CLASSIC PRIME,FLOWERS",245.18,00654717673
K10E0180433,SIVADASAN C,919745419708,AKKARAMAL HOUSEKV KAVU,"FLOWERS,CLASSIC PRIME",245.18,00654766600
K10E0180434,GILESH K,919809258721,PALASSERICHALIL HOUSEKV KAVU,"FLOWERS,CLASSIC PRIME",245.18,00652728812
K10E0180435,GIREESH C,919526364326,CHERATTIL HOUSE,"CLASSIC PRIME,FLOWERS",245.18,00654766157
K10E0180437,MANSOOR ALI NEERUTIKAL,919995757397,EDAKKATTU POTTAMALPUTHOOPADAMAYIKKARAPADI,"CLASSIC PRIME,FLOWERS",245.18,00654771134
K10E0180439,HAFSAL K,918907412003,THENGATTU HOUSE,CLASSIC PRIME,235.18,00654706563
K10E0180440,Sideeque,919605463179,pc house,"FLOWERS,CLASSIC PRIME",245.18,00652909544
K10E0180441,SADIQUE,919387946928,EYAKUNNULAKASHAM VEEDU,"SUN MUSIC,KTV,SUN TV,ASIANET,ZEE CINEMA,CLASSIC PRIME HINDI BASE,COLORS CINEPLEX",332.76,00655676676
K10E0180446,GIREESH K,919847733174,DEVIKRIPA PULIKKAL MALAPPURAM Dt,"FLOWERS,CLASSIC PRIME",245.18,00654774465
K10E0180447,SHOBITHA C,918129101266,MELEVEETIL PURAILPERIYAMBALAM,"FLOWERS,CLASSIC PRIME",245.18,2923718055
K10E0180449,MUHAMMED MUSTHAFA T P,919656341753,PULKANDIYIL HOUSEK V KAVU,"FLOWERS,CLASSIC PRIME",245.18,2922603207
K10E0180450,JAMSHEER K,919947638719,FASNA MANZILPUTHUPADAMAYIKKARAPPADI,"SONY TEN 1,CLASSIC MEDIUM",149,00654692111
K10E0180452,Abdul Gafoor V,919496402053,DAYA MANZILPULIKKAL,"FLOWERS,CLASSIC PRIME",245.18,00683131276
K10E0180453,KHADEEJA V,919895135100,KALARIKANDIPERIYAMBALAM,"CLASSIC PRIME,FLOWERS",245.18,2922603224
K10E0180455,NOUSHAD P K,919995520960,THOTTIYAMPARAAYIKKARAPADIMALAPPURAM DT,CLASSIC PRIME,235.18,00654690809
K10E0180458,RIYAS K,919567398116,KALARIKANDIPERIYAMBALAM,"FLOWERS,CLASSIC PRIME",245.18,2923716026
K10E0180459,C SURESH KURUP,919847867043,MANASIVENNAYURAYIKKARAPADI,"FLOWERS,SONY TEN 2,CLASSIC PRIME,SONY TEN 1",279.18,00654699721
K10E0180461,PRAJITH K,919846764107,KOTTEKATTAMBALAKANDIK V KAVU,"FLOWERS,CLASSIC PRIME",245.18,2923714962
K10E0180464,NISHAD,919048805873,AMBALILPALLIKKAL,"CLASSIC PRIME,FLOWERS",245.18,3147735786
K10E0180465,KRISHNAN K,919744534628,PADINJARETHODISIYAMKANDAM,"FLOWERS,CLASSIC PRIME",245.18,2923690562
K10E0180466,VARUN M,919747959213,MELATH HOUSESIYAMKANDAM,"FLOWERS,CLASSIC PRIME",245.18,00646145098
K10E0180468,RATHNARAJ P,919747116895,PUTHUSSERI HOUSECHAMAPARAMB,SPORTS PREMIUM,299.02,00697160635
K10E0180470,MEHABOOB C V,919847107061,POOLAPOTTA PULIKKAL PO,"FLOWERS,CLASSIC PRIME",245.18,00652927773
K10E0180471,KUNHIMUHAMMED K,919847970486,KUTTASSERIPURAYILPULIKKAL,"CLASSIC PRIME,FLOWERS",245.18,00655719852
K10E0180472,HUSSAIN KUTTY,919496408144,AMBALIL PULIKKAL,"FLOWERS,CLASSIC PRIME",245.18,2923710562
K10E0180474,JAFAR K K,919945608655,NEERAMPURATH HOUSECHOLAKODEKV KAVU,"FLOWERS,CLASSIC PRIME",245.18,2923740024
K10E0180475,SANTHOSH V K,919947272026,PUTHUSSERI HOUSEPULIKKAL,"FLOWERS,CLASSIC PRIME",245.18,00652780969
K10E0180477,SAJEESH V,919847631342,VETTATH HOUSEPERIYAMBALAM,"FLOWERS,CLASSIC PRIME",245.18,00654777098
K10E0180480,RATHEESH K,919747817727,MUNDIANKANDIKV KAVU,"CLASSIC PRIME,FLOWERS",245.18,00654704565
K10E0180481,P S JALEEL,919388034028,MALABAR GRANITESAMBALAKANDIKV KAVU,"FLOWERS,CLASSIC PRIME",245.18,2923735245
K10E0180483,MADHU P,919605891135,OTTAKANJIRAPALLIKKAL,"FLOWERS,CLASSIC PRIME",245.18,00654684576
K10E0180486,RASHEED A,919847124126,OTTAKANHEERAM,"SPORTS PREMIUM,FLOWERS,CLASSIC PRIME",544.2,"00703376180, 00697152725"
K10E0180487,MOOSAKUTTY P,918086335588,THAZHATHODISIYAMKANDAM,"FLOWERS,CLASSIC PRIME",245.18,00654706521
K10E0180489,SUBEESH C,919947081936,KARIMBANAKAL,"CLASSIC PRIME,FLOWERS",245.18,00654690315
K10E0180490,ABOOBAKAR P,919400080255,PALAPETTI,"FLOWERS,SONY TEN 2,CLASSIC PRIME",260.18,00654794270
K10E0180491,KUNHIMUHAMMED P V,918111936247,VAKKAYIL HOUSEAYIKKARAPADI,"CLASSIC PRIME,FLOWERS",245.18,00654690894
K10E0180492,PRASEEL N,919947350280,SWAROOP HOUSEAYIKKARAPADI,"FLOWERS,CLASSIC PRIME",245.18,00646139748
K10E0180494,VIVEKRAJ P,919567190403,KALPAKASSERIPULIKKAL,"FLOWERS,CLASSIC PRIME",245.18,00654849086
K10E0180498,DINU V,919744307623,MUNDIAN KANDIKV KAVU,"FLOWERS,CLASSIC PRIME",245.18,00654684877
K10E0180499,AJMAL BABU P N,919947383665,CHAKKAMATPULIKKAL,"CLASSIC PRIME,FLOWERS",245.18,00654698711
K10E0180500,RAJAN P,919947844095,APARNIKAAYIKKARAPADI,SPORTS PREMIUM,299.02,1707911E
K10E0180505,JIJI,919847702018,MOOTHEDATH HOUSETHIRUMALAPULIKKAL,"CLASSIC PRIME,FLOWERS",245.18,00654844909
K10E0180507,UNNIKRISHANAN K,919446670699,PRATHEEKSHA HOUSEPARAVOOR,"FLOWERS,CLASSIC PRIME",245.18,00654759514
K10E0180508,SURESH O,919656896448,OLASSERI HOUSEPULIKKAL,"ASIANET,KOCHU TV,CLASSIC MEDIUM,FLOWERS",164,00654753407
K10E0180510,SUBAIR V P,918590852008,CHERUKAVEELAKSHAM VEEDU,"CLASSIC PRIME,FLOWERS",245.18,00654769389
K10E0180511,SATHEESH KUMAR V K,919526527079,PUTHUSSERY HOUSEPERIYAMBALAM,"FLOWERS,CLASSIC PRIME",245.18,00654801296
K10E0180512,VELAYUDHAN C,919946819564,AKKARAMMAL PURAYILK V KAVU,"FLOWERS,CLASSIC PRIME",245.18,0B0650F2
K10E0180513,RAVEENDRANATHEN T P,919745438292,PUTHUSSERY HOUSEPULIKKAL,"CLASSIC PRIME,FLOWERS",245.18,00654760763
K10E0180515,CHANDRAN K,919946451689,KOTTARATHIL KUNNATHK V KAVU,"FLOWERS,CLASSIC PRIME",245.18,00654759515
K10E0180516,SAHEED P K,919745712920,PULANDIYIL HOUSEK V KAVU,"FLOWERS,CLASSIC PRIME",245.18,00654706054
K10E0180517,MUHAMMED RAFEEQUE,919656916609,mundiyankandik v kavu,"FLOWERS,CLASSIC MEDIUM,KOCHU TV",145,00654756833
K10E0180518,KUTTAN,919744370993,MAMPATTA HOUSEPULIKKAL0,"FLOWERS,CLASSIC PRIME",245.18,00652776020
K10E0180519,RAMAKRISHNAN,919947936445,THENGATT,"CLASSIC PRIME,FLOWERS",245.18,00654756560
K10E0180520,THAMI M,919744370881,SOORYA PULIKKAL,SPORTS PREMIUM,299.02,00654763069
K10E0180521,AJEESH,919605034794,PUTHIYEDATH PURAYILTHIRUMALA,CLASSIC PRIME,235.18,00654776443
K10E0180522,SHAHEER K T,919747081010,CHAKKAMMAT HOUSEPERIYAMBALAM,"FLOWERS,CLASSIC PRIME",245.18,00654756869
K10E0180523,SHEEJA M,919845459314,NEETHU NIVASAYIKKARAPADI,"CLASSIC PRIME,FLOWERS",245.18,17078FE0
K10E0180526,SAINUL ABIDEEN P,919847227570,POTTAYILPUTHUPADAMK V KAVU,SPORTS PREMIUM,299.02,00654757359
K10E0180527,Salini,919400743494,periyambalam,"CLASSIC PRIME,FLOWERS",245.18,17050124
K10E0180528,SULOCHANA,919995265466,CHELAKKATTUPARAMBATHIRUMALA,"FLOWERS,CLASSIC PRIME",245.18,00654819619
K10E0180529,JAYAKRISHNAN C,919847617071,CHAKKACHANTHODIPARAVOOR,"FLOWERS,CLASSIC PRIME",245.18,00693890536
K10E0180530,ABDUL SALAM,919961673164,CHIRAKKATHODIPULIKKAL,"FLOWERS,CLASSIC PRIME",245.18,00654676204
K10E0180532,Prasanth,919895715251,PANANGATAYIKKARAPPADI,"FLOWERS,CLASSIC PRIME",245.18,00704306558
K10E0180534,SHOWKATHALI C V,919605034795,SHANI HOUSEPERIYAMBALAM,"FLOWERS,CLASSIC PRIME",245.18,00654819499
K10E0180536,SHAMSUDHEEN C K,919961162376,CHAKKAMMATTU HOUSEPERIYAMBALAM,"FLOWERS,CLASSIC PRIME",245.18,00654788925
K10E0180538,SIDHEEQUE M,919526905100,PALCHALIL HOUSESIYAMKANDAM,CLASSIC PRIME,235.18,00654787570
K10E0180541,SHAMSHEER C M,919995624800,CHALIYAKADAVATH MALIYILPARAVOOR,"ANIMAL PLANET,FLOWERS,ASIANET,CLASSIC MEDIUM",161,00654789160
K10E0180543,MUHAMMED MUSTHAFA,919526365934,PERIYAMBALAM,"FLOWERS,CLASSIC PRIME",245.18,00654813780
K10E0180544,SUBRAMANIYAN V,919746140466,VETTATH,"FLOWERS,CLASSIC PRIME",245.18,00654750474
K10E0180545,FAUSIYA,919656580311,VARIYAMTHODIPERINCHEERIK V KAVU,"FLOWERS,CLASSIC PRIME",245.18,00654784422
K10E0180546,GOPINATHAN,919947502627,CHELOOR HOUSEAYIKKARAPPADI,"FLOWERS,CLASSIC PRIME",245.18,00654791482
K10E0180550,MUHAMED ABDULRAHMAN K,919745731213,KARATKUNNUPURAYILKURIYEDAMAYIKKARAPPADI,"STAR MOVIES,CLASSIC PRIME,FLOWERS",257.18,00702448223
K10E0180552,AZEEZ A,918129457701,KUTTITHODIAYIKKARAPPADI,"CLASSIC PRIME,FLOWERS",245.18,00654794056
K10E0180553,RAJAN,919747050788,EDAKKATUPURAYILPULIKKAL,"ZEE TAMIL,FLOWERS,SUN TV,CLASSIC PRIME",276.18,00654752504
K10E0180555,BABURAJAN,919745294767,KOTTARATHILK V KAVU,"FLOWERS,CLASSIC PRIME",245.18,00654789036
K10E0180556,Utheesh P,919947523412,pinnanath housek v kavu,"FLOWERS,CLASSIC PRIME",245.18,00654819811
K10E0180557,MOIDEENKOYA,919048231155,MOIDEEN KOYAPUTHANVEETILK V KAVU,"ASIANET MOVIES,CLASSIC MEDIUM,POGO,NICK JUNIOR,NICK,SONY YAY,KOCHU TV",163.25,00654817013
K10E0180560,BEENA P,919847151152,ambalilpurayilsiyamkandamkuvayilmoola,"FLOWERS,CLASSIC PRIME",245.18,00683145911
K10E0180564,FASEEH A K,919048761765,AMBANADATHK V KAVU,"FLOWERS,CLASSIC PRIME",245.18,00654790166
K10E0180565,SANILKUMAR P,919544103524,VALIYAPILAKKALKOLANIK V KAVU,"FLOWERS,CLASSIC PRIME",245.18,00654790088
K10E0180568,RIYAS BABU,919656086240,KUNDULL HOUSECHAMAPARAMB,"FLOWERS,CLASSIC PRIME",245.18,00652881817
K10E0180569,SARATHLAL T,919544164168,THIRUMALA HOUSEPERIYAMBALAM,"FLOWERS,CLASSIC PRIME",245.18,00654795751
K10E0180571,SREEJINA T K,919961909669,SHANTHAMVILAKKIRIPARAMBA,"CLASSIC PRIME,FLOWERS",245.18,00654784317
K10E0180572,BHASKARAN P V,919400791319,PAYINKARASIYAMKANDAM,"CLASSIC PRIME,FLOWERS",245.18,00654786208
K10E0180573,JAYAPRAKASHAN,919744456328,payinkarasiyamkandam,CLASSIC PRIME,235.18,00654786405
K10E0180575,GIREESH P,919947827106,PUTHUSEERI HOUSESIYAMKANDAM,"CLASSIC PRIME,FLOWERS",245.18,V19LE0715LE363267
K10E0180577,KRISHNAN V,918943840887,VETTATH HOUSEPERIYAMBALAM,"FLOWERS,CLASSIC PRIME",245.18,00654750497
K10E0180579,ANEESH KUMAR,919847008928,kishnasadanam,"FLOWERS,CLASSIC PRIME",245.18,00654818818
K10E0180580,MUSTHAFA N V,919961853284,baithul noor houseputhupadamayikkarapadi,"FLOWERS,CLASSIC PRIME",245.18,00654792369
K10E0180582,P V Vijayan,919847457079,puthussery valliyilsiyamkandam,"FLOWERS,CLASSIC PRIME",245.18,00654786736
K10E0180583,Sasidharan,919947613732,kuttaserypurayilthirumala,"FLOWERS,CLASSIC PRIME,KTV",264.18,00654788002
K10E0180586,Purushothaman Em,919605404801,ottachanhirathingalpallikkal,"CLASSIC PRIME,FLOWERS",245.18,00654788150
K10E0180587,LINEESH T M,919400690691,MADATHILBHAVANSIYAMKANDAM,"CLASSIC PRIME,FLOWERS",245.18,00654794045
K10E0180588,UNNIKRISHNAN K,919995464053,valepurathpulikkal,"CLASSIC PRIME,FLOWERS",245.18,00654782569
K10E0180591,MOHAMMED ALI,919747958660,CHELAKKADPERIYAMBALAM,"FLOWERS,CLASSIC MEDIUM,SONY TEN 2",155,00654812856
K10E0180592,SABARINATH K,919895186846,SABARI HOUSEPARAVOOR,"CLASSIC PRIME,FLOWERS",245.18,00654773100
K10E0180598,MUJEEB,919562210198,PUTHIYEDTH PARAMBTHIRUMALA,"FLOWERS,CLASSIC PRIME",245.18,3147691712
K10E0180599,MUJEEB RAHMAN P T,919387104607,THENGAT HOUSETHIRUMALA,"FLOWERS,CLASSIC PRIME",245.18,00654812871
K10E0180600,DASAN K,919747125968,THENGAT HOUSETHIRUMALA,"FLOWERS,CLASSIC PRIME",245.18,00654779048
K10E0180601,AKMAL,919847240630,CHUNDAMBALATHPERIYAMBALAM,"FLOWERS,CLASSIC PRIME",245.18,00654756125
K10E0180602,SASIDHARAN ARINCHEERI,919447353021,KARTHIKAPERIYAMBALAM,"FLOWERS,CLASSIC PRIME",245.18,00654845409
K10E0180604,SUDHEESH P V,919947713647,PUTHUSSERIVALLIYILPULIKKAL,"FLOWERS,CLASSIC PRIME",245.18,00654786114
K10E0180605,Nasar Ambili,919061161174,sangamamperiyambalam,SPORTS PREMIUM HD,338.54,00664373524
K10E0180606,T P K NAIR,919446666725,PUTHUSERY,"JAYA TV,FLOWERS,CLASSIC PRIME",251.18,00654790313
K10E0180607,ABDULHAMEED,919895222067,CHAKKAMPATTUPARAMBPERIUYAMBALAM,"SONIC,NICK,CLASSIC PRIME",243.18,00571075881
K10E0180609,GIREESH,919995962224,PARIYARAMcholakodeKV KAVU,"FLOWERS,CLASSIC PRIME",245.18,00655628444
K10E0180610,CHANDRAN P V,919656385538,KOTTATILPURAYILSIYAMKANDAM,"FLOWERS,CLASSIC PRIME",245.18,00655601926
K10E0180611,UNNI K,919946451833,KOTTARATHIL K V KAVU,"FLOWERS,CLASSIC MEDIUM,ASIANET",159,00654845008
K10E0180612,KRISHNAN KUTTY P P,918907443613,PALOTHPURAYIL,"DISNEY JUNIOR,SONIC,POGO,NICK,FLOWERS,CHINTU TV,CNBC,CLASSIC PRIME,CNN",270.93,00652907934
K10E0180613,PRIYAMVADHAN NAIR,919605047155,MANIYIL QUATERSPERIYAMBALAM,"FLOWERS,CLASSIC PRIME",245.18,00654840355
K10E0180615,RANJITH CHEVARA,919048530467,AMBALAPURAY HOUSESIYAMKANDAM,"FLOWERS,CLASSIC PRIME",245.18,00654835575
K10E0180616,GIREESH P,919656470180,THIRUMALTHODIPERIYAMBALAM,"FLOWERS,CLASSIC PRIME",245.18,00654775509
K10E0180618,SATHYAVATHI,919656014616,PUTHUSSERI PINGARA HOUSESIYAMKANDAM,"FLOWERS,ASIANET,CLASSIC MEDIUM",159,00654835581
K10E0180621,SAIDALAVI M,919249786882,M S NIVASPERIYAMBALAM,"FLOWERS,CLASSIC PRIME",245.18,00683131547
K10E0180622,VEERANKOYA K P,919526013486,kuriyedam,"FLOWERS,CLASSIC PRIME",245.18,00654837110
K10E0180625,ANOOB K,919747044104,VENNATHODI HOUSEPULIKKAL,"FLOWERS,CLASSIC PRIME",245.18,00683130436
K10E0180626,ARUN K P,919847411246,PUTHIYEDATHPERIYAMBALAM,"FLOWERS,ASIANET,CLASSIC MEDIUM",159,00654844987
K10E0180630,Manoj,919947951013,thadathilkuriyedamayikkarappadi,"CLASSIC PRIME,FLOWERS",245.18,00655609169
K10E0180631,ABDUL MAJEED K,918111844460,KHALEEJIAPULIKKAL,"CLASSIC PRIME,FLOWERS",245.18,00655611652
K10E0180632,VELAYUDAN,919544463603,OLASSERIPARAVOOR,CLASSIC PRIME,235.18,00654814898
K10E0180633,JISHNU K,919995661462,MOOTHEDATHTHIRUMALA,"FLOWERS,CLASSIC PRIME",245.18,00646050938
K10E0180634,HAREESH KUMAR,919847086502,PRTTARUTHODIYILPARAVOOR,"FLOWERS,CLASSIC PRIME",245.18,00654753474
K10E0180635,THANKAMANI K,919349137225,KOLAKKADANTHIRUMALA,"FLOWERS,CLASSIC PRIME",245.18,00655818917
K10E0180636,KRISHNAKUMAR N,919961031032,NARAYANIYIL HOUSEAYIKKARAPADI,ECONOMY,267.36,00654849126
K10E0180639,SANEESH K,919656604654,PULIYODATH HOUSECHEVAYURPERIYAMBALAM,"FLOWERS,CLASSIC PRIME",245.18,00654844802
K10E0180640,MANOJ,919946131473,KADALTHODICHAMAPARAMB,"CLASSIC PRIME,STAR MOVIES,FLOWERS",257.18,00655600159
K10E0180641,MUHAMMED BASHEER,919846395943,AYANIKKUNDANKUYYAKKATILCHOLAKKODE,"SURYA,FLOWERS,ASIANET,CLASSIC MEDIUM",171,00655683707
K10E0180642,AMMINITHOMAS,919947957499,B M HPULIKKAL,"FLOWERS,CLASSIC PRIME",245.18,00654840615
K10E0180647,NILEENA P,919539584518,KANNATEERIPARAVUR,"FLOWERS,CLASSIC PRIME",245.18,00654839615
K10E0180649,RAFEEQUE E,919847804077,EDATHODI HOUSETHOTTIYAMPARAAYIKKARAPADI,"CLASSIC PRIME,SONY TEN 1,SONY TEN 3,SONY TEN 2,FLOWERS",296.18,00654845345
K10E0180652,MOIDEEN M,919747194245,PALLIKARA QUATERSKURIYEDAMAYIKKARAPADI,"FLOWERS,CLASSIC PRIME",245.18,00654786144
K10E0180653,SAIDALAVI E,919847070882,EDATHODIKURIYEDAMAYIKKARAPADI,"FLOWERS,CLASSIC PRIME",245.18,00654845593
K10E0180654,RAJAGOPALAN P,919746152732,RAMANILAYAMKUVAYMULA,"FLOWERS,CLASSIC PRIME",245.18,00655632348
K10E0180655,SURESH,919846243424,MUNDANNUR PARAMBKURIYEDAMAYIKKARAPADI,"FLOWERS,CLASSIC PRIME",245.18,00655613330
K10E0180657,RAMAN P,919656366455,MUNDANNUR PARAMBTHOTTYAMPARAAYIKKARAPADI,"FLOWERS,CLASSIC PRIME",245.18,00654836827
K10E0180660,VIJESH V,918281696178,SATHYATHILAYIKKARAPADI,"FLOWERS,CLASSIC PRIME",245.18,00654841366
K10E0180661,ABDULKADAR,919961699730,PALAMKULANGARAMINI,"KOCHU TV,SURYA,FLOWERS,ASIANET,CLASSIC MEDIUM",176,00654827502
K10E0180662,ABDURAHIMAN E,919847788303,BANUKHAN MANZILKURIYEDAMAYIKKARAPADI,"FLOWERS,CLASSIC PRIME",245.18,00557915582
K10E0180663,RUKKIYA P,919544646730,KONNAMKADAV CHOLAKKODE K V KAVU,"FLOWERS,CLASSIC PRIME",245.18,00654836650
K10E0180665,MOIDEEN KOYA,919847817072,VADAKKEPATTTHOTTIYAMPARAAYIKKARAPADI,"FLOWERS,CLASSIC PRIME",245.18,00654836823
K10E0180666,DAMODARAN T,919562115451,THENGATPURAYILTHIRUMALA,"FLOWERS,CLASSIC PRIME",245.18,00654840914
K10E0180667,RAVI V,919656272595,KEEZHAMBRAPARAVOOR,"FLOWERS,CLASSIC PRIME",245.18,00654841103
K10E0180669,SUHARA ETTIVEETIL,919745280437,AYYAPANKANDIMINI,CLASSIC PRIME,235.18,00654839055
K10E0180671,ABBAS,919605674358,MULIYOLIOTTUPARAAYIKKARAPADI,CLASSIC PRIME,235.18,00693987470
K10E0180673,ANOOP KUMAR T,919446657694,PUTHUSSERYPERIYAMBALAM,"CLASSIC PRIME,FLOWERS",245.18,00654841488
K10E0180674,SUBRAMANYAN,919747906767,PUTHIYEDATHTHIRUMALA,"FLOWERS,CLASSIC PRIME,SONY TEN 1",264.18,00703344929
K10E0180676,SINDHU P,919496203069,KOTTARATTILPARAVOOR,"FLOWERS,CLASSIC PRIME",245.18,00654849245
K10E0180678,RIYAS A,919847323218,AMBAZHATHINGAL HOUSEOTTUPARAPALLIKAL,"FLOWERS,CLASSIC PRIME",245.18,00683132468
K10E0180682,SAKKEER,919744465107,PUTHUSSERI HOUSE,"FLOWERS,CLASSIC PRIME",245.18,00654845612
K10E0180683,SREELATHA P,919562556617,PUTHIYEDATHTHIRUMALAPULIKKAL,"FLOWERS,CLASSIC PRIME",245.18,00652882160
K10E0180684,ANIL KUMAR N,919847888764,NARAYANIYILAYIKKARAPADI,"FLOWERS,CLASSIC PRIME",245.18,00654838215
K10E0180685,MANOHARAN,919562357167,ARIYATTVENAYURAYIKKARAPADI,"CLASSIC PRIME,FLOWERS",245.18,00654849258
K10E0180688,UNNUI C,919961737533,CHALAKKIL PURAYILPULIKKAL,SPORTS PREMIUM,299.02,00654849764
K10E0180689,GOPINATHAN NAIR,919605501161,PARAKKATT HOUSEPULIKKAL,CLASSIC PRIME,235.18,00654849320
K10E0180692,RAMPRASAD K,919048836693,PUTHIYEDATHPULIKKAL,"FLOWERS,CLASSIC MEDIUM",140,00654716973
K10E0180693,ASHARAF M,919495970623,MANALOLYAYIKKARAPADI,"DISNEY,FLOWERS,POGO,NICK JUNIOR,DISNEY JUNIOR,CLASSIC PRIME,NICK",267.43,00655600112
K10E0180694,AJUMAL,918086082159,PUTHUSSERI HOUSE,"FLOWERS,CLASSIC PRIME",245.18,00557971230
K10E0180700,MUHAMMEDKUTTY,919961388677,MADAKKAYILMINIPALLIKAL,"FLOWERS,CLASSIC PRIME",245.18,00654844760
K10E0180702,PRABHAKARAN C,919544572415,CRESANT COTTAGEPULIKKAL,"CLASSIC PRIME,FLOWERS",245.18,00654844766
K10E0180703,SUBRAHMANIYAN,919847616461,PALLIKARA HOUSEAYIKKARAPADI,"FLOWERS,CLASSIC PRIME",245.18,00654727265
K10E0180706,NOUSHAD M,919656995505,CHAMAPARAMB,"FLOWERS,CLASSIC PRIME",245.18,00655679816
K10E0180707,RAMAKRISHNAN N,919746140382,KIZHAMBRA HOUSEPARAVOOR,"SONY YAY,CLASSIC MEDIUM,KOCHU TV,FLOWERS,ASIANET",166,00557975174
K10E0180708,MAJEED A,919947255241,THIYATHPADIPARAVOOR,"FLOWERS,CLASSIC PRIME",245.18,00654844747
K10E0180711,CHANDRASHEKHARAN K,919946193543,KRIPA,"FLOWERS,CLASSIC PRIME",245.18,00654835981
K10E0180712,JASEERA,919847328217,MALEKKATUPURAYILKURIYEDAM,"CLASSIC PRIME,FLOWERS",245.18,00655605948
K10E0180713,SANTHOSH,919947124432,CHERATTILPURAYILKARAPARAMBPALIKKAL,"FLOWERS,CLASSIC PRIME",245.18,00654849596
K10E0180715,SAIRABHANU,919847345889,IYYAKUNNUCHAMAPARAMB,"FLOWERS,CLASSIC PRIME",245.18,00655689173
K10E0180716,SYAMLAL S,919846171513,MALIKAV,"FLOWERS,CLASSIC PRIME",245.18,00655612280
K10E0180717,BAVA M,919447170807,MEKANJEERIPALLIKKAL,"CLASSIC PRIME,FLOWERS",245.18,00655600077
K10E0180721,PRAKASHAN,919447486287,MAMPATTAMINI,"FLOWERS,CLASSIC PRIME",245.18,00654762848
K10E0180722,VELAYUDHAN V,919544770129,AMBALIL PARAMBSIYAMKANDAM,"FLOWERS,CLASSIC PRIME",245.18,00654837662
K10E0180726,SATHEESH E,919995428599,SREEPADAMAYIKKARAPADI VENNAYUR,"FLOWERS,CLASSIC PRIME",245.18,00654829843
K10E0180727,MOIDEEN P P,919846969720,CHELATTU HOUSE,"SONY TEN 2,SONY TEN 1,CLASSIC PRIME",269.18,00654709006
K10E0180728,Ramakrishnan,918943594938,NOONHIPURATHSIYAMKANDAM,"FLOWERS,CLASSIC PRIME",245.18,00654736587
K10E0180729,ABDURAHIMAN K,919446030596,NEBU MANZILPULIKKAL,CLASSIC PRIME,235.18,00654830152
K10E0180731,FIROZ ALI K,919847770981,SANTHWANAMSIYAMKANDAM,"FLOWERS,CLASSIC PRIME",245.18,00683109951
K10E0180733,SOBHANA T K,919446691636,MELUVEETTIL,"FLOWERS,CLASSIC PRIME",245.18,00654840607
K10E0180740,ANILKUMAR,918606617468,vettath houseperiyambalam,"FLOWERS,CLASSIC PRIME",245.18,00654829085
K10E0180741,ACHUTHAN PUTHIYOTH,918547515038,SARAVANASIYAMKANDAM,"FLOWERS,CLASSIC PRIME",245.18,00652882575
K10E0180742,Moideen,919995665319,poolakulangaraayikkarapadi,"FLOWERS,CLASSIC PRIME",245.18,00654845459
K10E0180744,ALIKUTTY K P,919847876965,VADAKKEPATT HOUSETHOTTIYAMPARA,"CLASSIC PRIME,FLOWERS",245.18,00655675580
K10E0180745,NAVAS E,918590200002,ERANGIKKAL HOUSEPUTHUPADAMAYIKKARAPADI,"SONY TEN 2,CLASSIC PRIME",250.18,00655676668
K10E0180746,VELAYUDHAN M,919605356782,MALEKKATUPURAYILAYIKKARAPADI,"FLOWERS,CLASSIC PRIME",245.18,00654830161
K10E0180750,JAYAPRAKASH K,919745447212,MELEAMBALILSIYAAMKANDAM,"FLOWERS,CLASSIC PRIME",245.18,00655676422
K10E0180752,SASIKALA RADHAKRISHNAN,918547063899,SISIRAMSIYAMKANDAM,"FLOWERS,CLASSIC PRIME",245.18,00654613814
K10E0180756,SATHEESAN M,919562217858,KEERTHIAYIKKARAPADI,"CLASSIC PRIME,FLOWERS",245.18,00704254110
K10E0180757,MANOJ KUMAR K A,919847513423,SHREYASVENNAYOORAYIKKARAPPADI,"FLOWERS,CLASSIC PRIME,SONY PIX,SONY TEN 2,STAR SPORTS SELECT 2,SONY TEN 1",296.18,00655674671
K10E0180760,JAFAR M,919544720417,THURAKKAL HOUSEPERIYAMBALAM,"FLOWERS,CLASSIC PRIME",245.18,00655676365
K10E0180761,ABDUL LATHEEF K,919497671353,ELEDATH HOUSEPARAVOOR,ECONOMY,267.36,00646073741
K10E0180763,KABEER K T,919947154153,CHAKKAMMATTUPERIYAMBALAM,"CLASSIC PRIME,FLOWERS",245.18,00655675000
K10E0180764,SASIKUMAR V,919847388289,KEEZHAMBRA HOUSEPARAVOOR,"FLOWERS,CLASSIC PRIME",245.18,00702702126
K10E0180766,SURESH U,918606203917,SOUBHAGYANILAYAMPALLIKAL,"CLASSIC PRIME,FLOWERS",245.18,00655675342
K10E0180768,NOUSHAD P P,919961535212,MECHEERISIYAMKANDAM,"CLASSIC PRIME,FLOWERS",245.18,00655690423
K10E0180773,DINESAN N P,919847755102,NECHINAMPARAMPATHPALLIKKAL,"FLOWERS,CLASSIC PRIME",245.18,00646059136
K10E0180774,Muhammed P,919847152056,ARAPPOYIL HOUSEPALLIKKAL,CLASSIC MEDIUM,130,00655801046
K10E0180778,MUBARAK V,919947091243,DARUSSALAMCHELAKKAD,"FLOWERS,CLASSIC PRIME",245.18,00654809649
K10E0180780,SASIDHARAN K,919947052082,KOTTARATHIL HOUSE,"FLOWERS,CLASSIC PRIME",245.18,00654717255
K10E0180782,Santhosh V,919605223140,mampatta housepulikkal po,"CLASSIC PRIME,FLOWERS",245.18,00652910677
K10E0180783,MUHAMMEDKOYA P K,919744363259,MUNDANOOR,"FLOWERS,CLASSIC PRIME",245.18,00654849430
K10E0180784,FATHIMA,919605511992,MALIYEKKALLAKSHAM VEEDU,"CLASSIC PRIME,FLOWERS",245.18,00654698459
K10E0180786,ABDULRAHEEM C,919605450164,KUVVAYIL PURAYPULIKKAL,"FLOWERS,CLASSIC PRIME",245.18,00683134197
K10E0180787,VIBIN V,918891557030,VETTATH HOUSEPERIYAMBALAM,"FLOWERS,CLASSIC PRIME",245.18,00655726524
K10E0180791,JISHA M,919847661278,MADURANGODEAYIKKARAPADI,"CLASSIC PRIME,FLOWERS,STAR SPORTS SELECT 2",252.18,00655733438
K10E0180792,VALSALA T T,919645394589,MADURANGODE AYIKKARAPPADI,"CLASSIC PRIME,FLOWERS",245.18,00655732168
K10E0180793,SHARAFUDEEN M,919567380367,MALEKKATTU PURAYILAYIKKARAPADI,"FLOWERS,CLASSIC PRIME",245.18,00655720363
K10E0180796,ABDUL NAZAR,919846078007,PALLIYALIPULIKKAL,"FLOWERS,CLASSIC PRIME",245.18,00655703786
K10E0180797,MOHAMMED SANOOF P N,919947122132,AL AMEENPERIYAMBALAM,"FLOWERS,ETV TELUGU,CLASSIC PRIME",262.18,00655728696
K10E0180798,ASHRAF K,919645719302,CHELAKKADPERIYAMBALAM,"FLOWERS,CLASSIC PRIME",245.18,00655726571
K10E0180801,KRISHNAN K,919964549001,KALPAKASSERYSIYAMKANDAM,"FLOWERS,CLASSIC PRIME",245.18,00655733527
K10E0180802,PRADEEP M,919847927570,MAMPARAMBIL HOUSEAYIKKARAPADI,"FLOWERS,CLASSIC MEDIUM,ASIANET",159,00655652418
K10E0180803,KOYAMON K,919747951821,EDAKKATT HOUSEAYIKKARAPADI,"FLOWERS,CLASSIC PRIME",245.18,00683120121
K10E0180804,ABDUL FAJAR K,919947326385,PALLIYALIL HOUSEPARAVOOR,"FLOWERS,CLASSIC PRIME",245.18,00655696378
K10E0180805,SUFEG C,919961702636,CHAKKAMATT,"FLOWERS,CLASSIC PRIME",245.18,00655733742
K10E0180806,SANKUNNI K T,919846930228,PANAGHATE HOUSEAYIKKARAPPADIVENNAYOOR,ECONOMY,267.36,00655819026
K10E0180808,RAFEEQUE K,919847660417,KURIYODATH HOUSEAYIKKARAPADI,SPORTS PREMIUM,299.02,00655696707
K10E0180811,ALIASKAR M,919567746478,MEAKANCHARIPALLIKKAL,"SONY SIX,FLOWERS,CLASSIC PRIME",260.18,00655696528
K10E0180813,T T SUBAIDA,919847469698,KOLLERI,"FLOWERS,CLASSIC PRIME",245.18,00655719156
K10E0180815,HASSAIN V P,919656496244,V P HOUSEAYIKKARAPADI,"FLOWERS,CLASSIC PRIME",245.18,00655719874
K10E0180816,PRABHAKARAN K,919495292496,PRASEETHANIVASPARAVOOR,"CLASSIC PRIME,FLOWERS",245.18,00655712253
K10E0180817,UNNI V,919847822904,AMBALILPURAYILKUVAILMULA,"FLOWERS,CLASSIC PRIME",245.18,00654692537
K10E0180819,MUHAMMEDKUTTY,919867127337,MUTTYARAKKALK V KAVU,SPORTS PREMIUM,299.02,00655719808
K10E0180821,PAVITHRAN O,919744377055,CHELUVEEDSIYAMKANDAM,"FLOWERS,CLASSIC PRIME",245.18,00655729234
K10E0180822,HARIDASAN D,919048993947,SREEKRISHNANIVASK V KAVU,SPORTS PREMIUM,299.02,00655728723
K10E0180824,Abdul Gadar C,919947428372,vettath houseperiyambalam,"FLOWERS,CLASSIC PRIME",245.18,00655844973
K10E0180825,BIJESH P,919947154359,EDAMPATTAPURAYILKURIYEDAMAYIKKARAPADI,"FLOWERS,CLASSIC PRIME",245.18,00655702317
K10E0180827,BHASKARAN T P,919744370994,PULIYODATHPURAYILPERIYAMBALAM,"FLOWERS,CLASSIC PRIME",245.18,00655732342
K10E0180828,SAIFUDHEEN C,919633908915,VETTATH HOUSEPERIYAMBALAM,"COLORS KANNADA,FLOWERS,CLASSIC PRIME",264.18,00655652380
K10E0180831,ASSAINAR K,919895675230,BUSHRA MANZILAYIKKARAPADI,CLASSIC MEDIUM,130,00655698474
K10E0180833,KOYA E,919497474704,CHOORAKAYIL HOUSEAYIKKARAPADI,"FLOWERS,CLASSIC PRIME",245.18,00655683652
K10E0180835,HANEEFA K,919747366317,CHEERAKKUDAPERIYAMBALAM,"FLOWERS,CLASSIC PRIME",245.18,00655733549
K10E0180836,ABOOBACKER K,919496312526,AMBALIL HOUSESIYAMKANDAM,CLASSIC MEDIUM,130,00655689128
K10E0180840,UNNIKRISHNAN M,919847465974,NANDHANAM HOUSEOTTUPARAAYIKKARAPADI,"FLOWERS,CLASSIC PRIME",245.18,00654825967
K10E0180841,VALSALA,919847745325,PULIYEDATH VAISHNAVAMCHEVAYUR,"FLOWERS,CLASSIC PRIME",245.18,00654822609
K10E0180844,SATHEESH C,919895838430,CHALAKKILPURAI,"FLOWERS,CLASSIC PRIME",245.18,00654820207
K10E0180845,ARUN P,919744249801,EDAMBATTUPURAYILKURIYEDAMAYIKKARAPADI,"FLOWERS,CLASSIC PRIME",245.18,00654814804
K10E0180846,SUBRAMANIAN,919961759549,MANAMPURATH THIRUMALA,"FLOWERS,CLASSIC PRIME",245.18,00555459613
K10E0180848,ANILKUMAR K K,919544291474,CHELAKKOTTUPARAMBPERIYAMBALAM,"FLOWERS,ASIANET PLUS,ASIANET,CLASSIC MEDIUM",164,00654815098
K10E0180850,SATHYAN T P,919526632119,THAZHATHEPURAKKAL,"FLOWERS,CLASSIC PRIME",245.18,00654808855
K10E0180851,NOUSHAD,919744312810,THURAKKAL,"SONIC,NICK JUNIOR,NICK,FLOWERS,CLASSIC PRIME",254.18,00654824470
K10E0180852,FAYIZ MUKHTHAR THANGAL O S,919605512254,LAKSHAMVEEDCHAMAPARAMBPALLIKKAL,"FLOWERS,CLASSIC PRIME",245.18,00655803220
K10E0180853,MOHAMMED IRSHAD M,919567153636,KEEZHAMBRAPARAVOOR,"FLOWERS,CLASSIC PRIME",245.18,00654768915
K10E0180855,BALAKRISHNAN T,919947154357,MALEKATTUPURAYILKURIYEDAMAYIKKARAPADI,"FLOWERS,CLASSIC PRIME",245.18,00655690427
K10E0180856,HAREESH KUMAR K,919847327578,THACHAMPALATHPURAYILPERIYAMBALAB,"CLASSIC PRIME,FLOWERS",245.18,00655683509
K10E0180858,PRASSANNA KUMARI,919947951056,MELUVEETTIL,"FLOWERS,CLASSIC PRIME",245.18,00654810947
K10E0180859,RAJESH O,919746287428,POOLAPOTTAMMALPARAVOOR,"FLOWERS,CLASSIC PRIME",245.18,00654801623
K10E0180860,IRFAN P C,919633912624,CHARAKUZHI,"FLOWERS,CLASSIC PRIME",245.18,00655633930
K10E0180863,ABDUL MAJEED P K,919961031023,KOTTAMPARAMBATHAYIKKARAPADIKURIYEDAM,"CLASSIC PRIME,FLOWERS",245.18,00655672309
K10E0180864,RADHAKRISHNAN V,918606617484,CHAKKACHAMTHODIPURAYPARAVOOR,"FLOWERS,ASIANET,CLASSIC MEDIUM",159,00655711756
K10E0180865,AKHIL M,919037843867,MEPARAMBIL HOUSEAYIKKARAPADI,"FLOWERS,CLASSIC PRIME",245.18,00655695587
K10E0180867,ABDURAHIMAN K,918301062423,KUNDERI,"FLOWERS,CLASSIC PRIME",245.18,00655690414
K10E0180868,ABHILASH M,919656969954,MANAMPU8RATH HOUSETHIRUMALA,"FLOWERS,CLASSIC PRIME",245.18,00654822343
K10E0180869,MUHAMMED ASLAM P,919746761337,PARAYILPULIKKAL,"CLASSIC PRIME,FLOWERS",245.18,00654836460
K10E0180870,Abdul Rasheed K P,919947082588,siyamkandam,"SONY TEN 3,SONY TEN 2,SONY TEN 1,FLOWERS,CLASSIC PRIME",296.18,00655693358
K10E0180872,SARADA K V,919947701059,IYYAMKUNNU,"FLOWERS,CLASSIC PRIME",245.18,00655713868
K10E0180873,SURESH KUMAR V K,919562353658,BHAGYODAYAM,"CLASSIC PRIME,FLOWERS",245.18,00655606130
K10E0180874,UNNIKRISHNAN P C,919947349814,CHAKYARVEEDUVENNAYOORAYIKKARAPADI,"FLOWERS,CLASSIC PRIME",245.18,00655710167
K10E0180875,BALAKRISHNAN M,919747899876,KRISHNALAYAMVENNAYOORAYIKKARAPADI,"FLOWERS,CLASSIC PRIME",245.18,00655695657
K10E0180876,SUBRAMANYAN M,919562884500,PULIYODATHCHEVAYOOR,"FLOWERS,CLASSIC PRIME",245.18,00655707763
K10E0180877,ILLIYAS V,919539114982,MALAVETTICHALEK V KAVU,"FLOWERS,CLASSIC PRIME",245.18,00655714319
K10E0180879,SANTHOSH K,918606724569,NARAYANI NILAYAMPARAVOOR,"CLASSIC PRIME,FLOWERS",245.18,00655709238
K10E0180880,Mayadevi K,919400891904,SREENILAYAMAYIKKARAPADI,"FLOWERS,CLASSIC PRIME",245.18,00655711740
K10E0180882,AZHURA ALI,919995428554,BUSHRA MANZILAYIKKARAPADIVENNAYOOR,"FLOWERS,CLASSIC PRIME",245.18,00655800696
K10E0180883,UNNI P,918606641732,CHENAKKALOTTUPARAAYIKKARAPADI,"FLOWERS,CLASSIC PRIME",245.18,00655800197
K10E0180884,ABDULRAHIMAN,919605512329,CHAKKALAKKAL HOUSEAYIKKARAPADI,SPORTS PREMIUM,299.02,00654769103
K10E0180885,SUDHI KUMAR M,919388891006,KINNATTYAM THOTTATHILVENAYOORAYIKKARAPADI,ECONOMY,267.36,00655801189
K10E0180886,SANTHOSH O,919746036170,OLASSERIPARAVOOR,"CLASSIC PRIME,FLOWERS",245.18,00654833866
K10E0180887,ASHRAF,919605864113,KONNAMKADAVATHK V KAVU,"FLOWERS,CLASSIC PRIME",245.18,00655803317
K10E0180888,NOUSHAD C,919633759638,CHEMMANGHATTUK V KAVU,"FLOWERS,CLASSIC PRIME",245.18,00655608898
K10E0180889,RAJAN V,919847321511,SWAPNALAYAMVAZHAYILK V KAVU,"FLOWERS,CLASSIC PRIME",245.18,00655799998
K10E0180897,SHAFEEQUE K,919544080988,THOUFEEQ MANZILAYIKKARAPADI,CLASSIC MEDIUM,130,00655800667
K10E0180899,RADHIKA P K,919747920856,PUTHUSSERI HOUSEPERIYAMBALAM,"STAR MOVIES,FLOWERS,CLASSIC PRIME",257.18,00654789510
K10E0180908,AFEEF K,919605027234,KATTUPARUTHISIYAMKANDAM,"FLOWERS,CLASSIC PRIME",245.18,00655800040
K10E0180910,JOTHISH,919656734958,VENNANGOTTCHEVAYOOR,"FLOWERS,CLASSIC PRIME",245.18,00655816050
K10E0180912,SAJITHA K,918547047709,KUTTYPATLIYALIIPARAVUR,"CLASSIC PRIME,FLOWERS",245.18,00655814424
K10E0180913,PARAMESWARAN K,919400715165,KUNDUKULANGARAPULIKKAL,"CLASSIC PRIME,FLOWERS",245.18,00655810008
K10E0180915,KARUNAKRAN K,919947183292,KOLAKKADANVARUVEETILPERIYAMBALAM,CLASSIC PRIME,235.18,00655817183
K10E0180919,ASEES M P,917293432414,MAMPATTA HOUSEMINI,"FLOWERS,CLASSIC PRIME",245.18,00655828346
K10E0180921,ABDULRASAK A,919947713633,KUVAYIL HOUSEKSIYAMKANDAM,"FLOWERS,CLASSIC PRIME",245.18,00655823773
K10E0180922,ABDUL RAHOUF,919847609732,THAIVECHAKANDISIYAMKANDAM,CLASSIC PRIME,235.18,00655829519
K10E0180923,VIJAYAN,919656905623,KOORIKATTILK V KAVU,"FLOWERS,CLASSIC PRIME",245.18,00655807501
K10E0180926,HARIDASAN P,918891686820,KUVAYILPURAYILSIYAMKANDAM,"FLOWERS,CLASSIC PRIME",245.18,00683156232
K10E0180927,SAIDALI,918086782095,AMBALIL HOUSESIYAMKANDAM,"CLASSIC PRIME,FLOWERS",245.18,00646147854
K10E0180928,SAJID,919605249079,KANNAPA HOUSEKURIYEDAMAYIKKARAPADI,"FLOWERS,CLASSIC PRIME",245.18,00654775602
K10E0180933,BUSHRA V T,919847309593,VADAKKETHODIAYIKKARAPADI,"FLOWERS,CLASSIC PRIME",245.18,00655814474
K10E0180936,SUMAYYA,919656045440,KARIRAMKANDIPARAMBPUTHUSSERI,"FLOWERS,CLASSIC PRIME",245.18,00655817383
K10E0180939,REETHA A,919567806919,MAMPATTAYIL HOUSEMINI ESTATE,"FLOWERS,CLASSIC PRIME",245.18,00655608887
K10E0180940,RADHAKRISHNAN K C,919744668811,DEEPAMAYIKKARAPADI,"FLOWERS,CLASSIC PRIME",245.18,00655833041
K10E0180941,BALAKRISHNAN K,919633231947,PUTHIYEDATHTHIRUMALA,"CLASSIC PRIME,FLOWERS",245.18,00655806940
K10E0180942,SAJEESH K,919847809837,KOORIKATTILK V KAVU,CLASSIC PRIME,235.18,00703732374
K10E0180944,CHANDRAN T,919645197920,THENGATPOTTASIYAMKANDAM,SPORTS PREMIUM,299.02,00655833377
K10E0180945,FASALUDHEEN P,919633585643,FIROZ MANZIL PARAVOOR,"FLOWERS,CLASSIC PRIME",245.18,00655833389
K10E0180949,VELAYUDHAN,919847909242,KANNADATHPURAYILPERIYAMBALAM,"CLASSIC PRIME,FLOWERS",245.18,00655819465
K10E0180950,Haneefa K,919895404017,KALATHINGALCHAMAPARAMB,"FLOWERS,CLASSIC PRIME",245.18,00654684725
K10E0180954,MANSOOR K,917356797450,KUTTYPALLIYALIPULIKKAL,"CLASSIC PRIME,FLOWERS",245.18,97101011CD4639
K10E0180955,SAMSUDHEEN C K,919947860394,CHAKKODI HOUSE,"FLOWERS,CLASSIC PRIME",245.18,00654822753
K10E0180956,Muhsila P C,919745204769,CHERIYAMKANDAMSIYAMKANDAM,"FLOWERS,CLASSIC PRIME",245.18,00655801386
K10E0180957,MUJEEBRAHMAN O,919744001539,HOUSE,"CLASSIC PRIME,FLOWERS",245.18,00654835608
K10E0180958,SHAMNAS M,919847658244,MANOLI HOUSEAUTUPARA,"FLOWERS,CLASSIC PRIME",245.18,00655821323
K10E0180964,SOORAJ K,919746915579,SOORAJ NIVASSIYAMKANDAM,"FLOWERS,CLASSIC PRIME",245.18,00654727003
K10E0180965,RAJEESH P,919847282487,CHALAKKIL HOUSEPALLIKKAL,"CLASSIC PRIME,FLOWERS",245.18,00655793183
K10E0180967,Chandran K,918129532769,siyamkandam,"FLOWERS,ASIANET,CLASSIC MEDIUM,STAR SPORTS 1,SONY SIX,STAR SPORTS 2,SONY TEN 1",218,00655798607
K10E0180984,MANAF P,919961371460,kannanadathperiyambalam,"FLOWERS,CLASSIC PRIME",245.18,00683106869
K10E0180987,VIJAYAN,919562433572,kallayithadam,"FLOWERS,CLASSIC PRIME",245.18,00683106865
K10E0180988,SINDU K,919847650955,kannanadathperiyambalam,"FLOWERS,CLASSIC PRIME",245.18,00655677409
K10E0180994,FAISAL A P,919846737438,ALI ZUKAR MANZIL,"CLASSIC PRIME,SONY TEN 1,FLOWERS",264.18,00683117322
K10E0180995,SHAREEF,919947081038,THIRUMALA,"FLOWERS,CLASSIC PRIME",245.18,00683124604
K10E0180998,JANAKI,919526710151,PAMBADI,"FLOWERS,CLASSIC PRIME",245.18,00683107791
K10E0181001,RAMESH C P,919495158589,kpbh complexpulikkal,"JAYA TV,CLASSIC PRIME,FLOWERS",251.18,00683139953
K10E0181002,Jayachandran C,919349081960,paraoor,"FLOWERS,CLASSIC PRIME",245.18,00683112901
K10E0181003,Sivaraman,919946670459,ayikkarapadi,"FLOWERS,CLASSIC PRIME",245.18,00683148841
K10E0181004,RABEEHATH P,919605968155,PATTISSERI HOUSEputhupadamAYIKKARAPADI,"FLOWERS,ASIANET,CLASSIC MEDIUM",159,00683139725
K10E0181005,MAVUNNI,919895328642,SREEPADAMKV KAVU,"CLASSIC PRIME,FLOWERS",245.18,00652921455
K10E0181006,SHAMEER C K,919747039731,CHELAKATPERIYAMBALAM,"FLOWERS,CLASSIC PRIME",245.18,00646092906
K10E0181007,MOHANAN N,919744056199,NAMBRATH AMBALATHODISIYAMKANDAM,"FLOWERS,CLASSIC PRIME",245.18,00683148824
K10E0181008,RADHAMANI,918943332139,VETTATH HOUSEPERIYAMBALAM,"CLASSIC PRIME,FLOWERS",245.18,00683149350
K10E0181009,Abdul Kareem K T,919947411135,varuveettil,"FLOWERS,CLASSIC PRIME",245.18,00646107086
K10E0181015,BALAKRISHNAN NAIR M,918289932187,CHAITHANYASIYAMKANDAM,"JAYA TV,FLOWERS,CLASSIC PRIME,JEEVAN",251.18,00683154638
K10E0181016,ABDUL LATHEEF,919633349393,MANGALANGATT,"CLASSIC PRIME,FLOWERS",245.18,00683138218
K10E0181018,ABDUL AZEEZ N,919544103600,edakkattu houseputhupadam,"FLOWERS,CLASSIC PRIME",245.18,00683137498
K10E0181020,ABDUL LATHEEF K P,919961214643,KOLLAM,"FLOWERS,CLASSIC PRIME",245.18,00683138040
K10E0181021,SUDHEESH P,919895216716,DEVASWAB PARAMBPERIYAMBALAM,"FLOWERS,CLASSIC PRIME",245.18,00683137688
K10E0181023,MUHAMMED BASHEER,919656100964,NALUKANDAN,"FLOWERS,CLASSIC PRIME",245.18,00683135058
K10E0181024,BICHIKOYA N,919961145291,EDAKKAT HOUSEPUTHUPADAMAYIKKARAPADI,"FLOWERS,CLASSIC PRIME",245.18,00683138330
K10E0181028,JAYAPRAKASH,919961675350,CHEERAKODA,"CLASSIC PRIME,FLOWERS",245.18,00683132347
K10E0181029,VINOD KUMAR K,919947545282,MUNDIYANKANDIPARAVOOR,"FLOWERS,CLASSIC PRIME",245.18,00683137710
K10E0181033,SHAJAHAN K,919947402934,DEVASAMPARFAMBIL,"CLASSIC PRIME,FLOWERS",245.18,00683134625
K10E0181034,KRISHNAN C,917034636486,CHELAKOTE HOUSE,"FLOWERS,CLASSIC PRIME",245.18,00683119584
K10E0181036,Haneesh Kumar,919447459381,KundukulankaraParavoor,"CLASSIC PRIME,FLOWERS",245.18,00655683441
K10E0181039,SHANMUGHAN,919847527877,PALLIKARAKURIYEDAM,"CLASSIC PRIME,FLOWERS",245.18,00683118829
K10E0181040,DHASAN,919961290560,OODAKKANGEERAM,"FLOWERS,CLASSIC PRIME",245.18,00683155117
K10E0181044,RATHEESH,919961501698,Manampurath housthirumala,"FLOWERS,CLASSIC PRIME",245.18,00683155006
K10E0181045,SOUMYA,919895551758,KOODATHINGALPARAVOOR,"FLOWERS,CLASSIC PRIME",245.18,00683134290
K10E0181046,Kunhuppunni C,919388680663,cheruvatturperiyambalam,"FLOWERS,CLASSIC PRIME",245.18,00683156985
K10E0181051,KUNJIMUHAMMED P A,919446630910,PALOTH AMABALIL HOUSESIYAMKANDAM,"SONY TEN 2,SONIC,FLOWERS,CLASSIC PRIME",262.18,00683136440
K10E0181052,BABU,919605968522,OTTAKKANHIRAMARAPPOLPADI,"FLOWERS,ASIANET,CLASSIC MEDIUM",159,00683139956
K10E0181053,SHAIJITH M,919847606224,KURIYEDATH,"FLOWERS,CLASSIC PRIME",245.18,00683116232
K10E0181058,NASIM,919746638929,NAZIM MANZIL,"FLOWERS,CLASSIC PRIME",245.18,00646092976
K10E0181067,Prasanth M,918301031210,kuriyedam,"CLASSIC PRIME,FLOWERS",245.18,00652702380
K10E0181069,Syam Mohan PT,918714324554,Kala things houseVennayur,"FLOWERS,CLASSIC PRIME",245.18,00683136476
K10E0181071,RAMACHANDRAN,919947616684,CHOLAKKARA,"FLOWERS,CLASSIC PRIME",245.18,2935488383
K10E0181073,PREETHAKUMARI V,919446686100,ANUPAM HOUSETHOTIYAMPARA,"FLOWERS,CLASSIC PRIME",245.18,2937182672
K10E0181077,Shambu,919945318035,ambalakandi,"FLOWERS,CLASSIC PRIME",245.18,2923740570
K10E0181084,Babu,918547929926,AmbalathodiTirumala,"CLASSIC PRIME,FLOWERS",245.18,00697161951
K10E0181088,KUVJIMUHAMMED,919020430335,KOLLOLI,"FLOWERS,CLASSIC PRIME",245.18,2937208588
K10E0181091,NIHAS J,919207214810,AUTUPARA,"FLOWERS,CLASSIC PRIME",245.18,00683130712
K10E0181094,ARAVINDAKSHAN,919947906166,MANIYIL PURAYILPARAVOOR,SPORTS PREMIUM,299.02,V19LE0715LE365502
K10E0181098,BASHEER M P,919961265698,MANGATUPARAMBAN,"FLOWERS,CLASSIC PRIME",245.18,2937262924
K10E0181100,LAKSHMI,918943617934,CHEMBHATTAK V K,"CLASSIC PRIME,FLOWERS",245.18,2937208449
K10E0181104,Hassanaji P E,919847882175,edakkattupottamalputhupadam,"FLOWERS,CLASSIC PRIME",245.18,00655829584
K10E0181105,Babu S,919995726790,ullyssery houseparavoorpulikkal,"CLASSIC MEDIUM,SURYA,SONY TEN 1,KTV,SUN TV,ASIANET MOVIES,KOCHU TV,ASIANET",238,00652776203
K10E0181106,Amjad Khan P K,919961220008,muthukott housepulikkal p o,"FLOWERS,CLASSIC PRIME",245.18,00652906998
K10E0181107,M N Premkumar,919947559244,puliyedath housepulikkal,SPORTS PREMIUM HD,338.54,00664408100
K10E0181109,SURENDRAN,919847642135,SURAGIVENNAYUR,"FLOWERS,CLASSIC PRIME",245.18,00703737791
K10E0181110,Ganeshan,919744054253,Akkarachelatt need Paravoor,"FLOWERS,CLASSIC PRIME",245.18,00557988280
K10E0181111,GOKUL V M,919447445690,KAILASPULIKKAL POMALAPPURAM DT,CLASSIC PRIME,235.18,00654684528
K10E0181120,Nafil,919567900931,MundiyankandiParavoor,"FLOWERS,CLASSIC PRIME,SONY TEN 2",260.18,00693977304
K10E0181121,Abdullatheef,919061973649,VariyanthodiAyikkarapadi,"FLOWERS,CLASSIC PRIME",245.18,00664410000
K10E0181122,Rahmath Beevi,919605250411,ValiyakulangaraPallikal,"SONY TEN 1,FLOWERS,CLASSIC PRIME,SONY TEN 3,SONY TEN 2",296.18,00693965579
K10E0181125,Baburajan C,919961704506,Mambatta houseMini estate,"FLOWERS,CLASSIC PRIME",245.18,00693964619
K10E0181126,Ahammed K P,918547015396,Pottamal house,"FLOWERS,CLASSIC PRIME",245.18,00693977541
K10E0181127,Noufal,919995637032,Vettath housePeriyambalam,"FLOWERS,CLASSIC PRIME",245.18,00693965594
K10E0181129,Hamza,919020545403,chundambalath,"FLOWERS,CLASSIC PRIME",245.18,00683130761
K10E0181131,Alavikutty,919947632650,Naduthoi(ho)Pulikkal(po)Malappuram(dt)673637(pin),"FLOWERS,CLASSIC PRIME",245.18,2937171934
K10E0181133,RAJANI..M,919847775423,SRUTHINAM.HAYIKKARAPPADI.POMALAPPURAM.DTPN.673637,"CLASSIC MEDIUM,FLOWERS,SONY YAY,KOCHU TV",147,00697180998
K10E0181136,DHARNITH.CM,919847699805,AVIKKYANASWARAVEED.HAYIKKARAPPADI.POMALAPPURAMPN.673637,"FLOWERS,CLASSIC PRIME",245.18,2937389187
K10E0181137,JANRDHANAN.O,919605560600,ASWATHI.HAYIKKARAPPADI.POMALAPPURAMPN.673637,"CLASSIC PRIME,FLOWERS",245.18,2937235939
K10E0181139,Muhammed Rasheed,918848462361,nechoodiyil house.pallikkal,"FLOWERS,CLASSIC PRIME",245.18,00664409613
K10E0181140,SIDHARTHAN.P,919947303582,AKKARACHELATTUI(H)PULIKKAL(PO)MALAPPURAM(DT),"CLASSIC PRIME,FLOWERS",245.18,00654769414
K10E0181141,T.SALEEM,919746842530,MATHOTTAM.HPUNCHAPADAMVAYAL.POKOZHIKODEPN.673O28,"SONY MAX,KTV,STAR MOVIES,FLOWERS,CLASSIC PRIME",295.18,2937371536
K10E0181142,IRAR.TP,919847298552,KOKEDTH.HANDIYOORKUNNU.POMALAPPURAMPN.673637,"FLOWERS,CLASSIC PRIME",245.18,2937023024
K10E0181144,UNNIKUTTY.TP,919745494305,THAZATHEPURAKKAL.HO.PULIKKAL.POMALAPUURAM.DI673637.PIN,"FLOWERS,CLASSIC MEDIUM",140,2937372893
K10E0181146,SATHIANARAYANAN,919744306226,PANICKER.HOAYIKKARAPPADI.POMALAPPURAM.DI673637.PIN,"CLASSIC PRIME,FLOWERS",245.18,2937372905
K10E0181148,Unnikrishnan.k,919895424851,chakkachanhodipulikkalmalappuramkerala,"FLOWERS,CLASSIC PRIME",245.18,00655813894
K10E0181150,SREEJITH.KE,919072485848,THEVARATHIL.KOPULIKKAL.POMALAPPURAM.DIPIN.673637,"SONY TEN 2,CLASSIC PRIME,FLOWERS",260.18,00654704241
K10E0181151,SUDARAN,919744065378,VETTATH.HOPULIKKAL.POMALAPPURAM.DIPIN.673637,"FLOWERS,CLASSIC PRIME",245.18,2937413371
K10E0181154,VISWANATHAN,918281221138,PARAKATTU HPULIKKALMALAPPURAM,"FLOWERS,CLASSIC PRIME",245.18,00693974551
K10E0181156,UMMER..A,918111814611,MUNDIYAENKANDIPULIKKALMALAPPURAM673667,SPORTS PREMIUM,299.02,00693988964
K10E0181157,MUSFAR,919961036367,MAYAKKARAAYKKARAPPDI.POMALAPPURAM.DIPIN.673638,"FLOWERS,CLASSIC PRIME",245.18,00693989823
K10E0181159,FATHIMA K T,919847946694,ATUPARA ARAPOLPADI,"CLASSIC PRIME,FLOWERS",245.18,00693969680
K10E0181160,ISHAQ K T,919947402442,CHAKKAMAD HOUSE PERIYAMBALAM,"FLOWERS,CLASSIC PRIME",245.18,00646135158
K10E0181162,SREEJITH,919074036384,THEVARATHILPULIKKALMALAPPURAM673637,"FLOWERS,CLASSIC PRIME",245.18,97140915ab2274
K10E0181163,SARBAS.T,918086302623,AKKARACHELATTURURAYPULIKKALMALAPPURAM673637,SPORTS PREMIUM,299.02,00683148369
K10E0181164,GANESAN,919744510547,CHOLAKKLAPULIKKLAMALAPPURAM673637,"FLOWERS,CLASSIC PRIME",245.18,00700618798
K10E0181165,JIHSAB.MP,919947937979,KP.HOUSEPULIKKALMALAPPURAM673637,SPORTS PREMIUM HD,677.08,"2937854859, 3150052879"
K10E0181166,ABHILASH.C,919744696817,CHERUTHODLPURAGIPULIKKALMALAPPURAM673637,"FLOWERS,CLASSIC PRIME",245.18,00702524922
K10E0181167,ABDULGAFOOR,919605840159,PANDIKASAL.HPULIKKAL.POMALAPPURAMPN673637,"FLOWERS,CLASSIC PRIME",245.18,00702519462
K10E0181173,SHAHNAS FARMUIA,919544353595,SUHAL PULIKKAL.PO MALAPPRAM.DI PIN.673637,"FLOWERS,CLASSIC PRIME",245.18,2937094188
K10E0181174,SREESUBiN,919656460073,MELEAMALIL PULIKKAL.PO MALAPPURAM.DI PIN.673637,"CLASSIC PRIME,FLOWERS",245.18,00700618355
K10E0181176,ARAVINDAKSHANP,919995333529,PATTARUTHODIYIL PULIKKAL MALAPPURAM PIN.673637,"CLASSIC PRIME,FLOWERS",245.18,00702532618
K10E0181181,Vishnuk,917025364357,PALLATHIL PUTHUKKODE.. MALAPPURAM PIN..673633,"FLOWERS,CLASSIC PRIME",245.18,2941871748
K10E0181186,ANVRSADIQUE,919562009650,salmanman212 pulikkal malappuram pin.673637,"FLOWERS,SONY TEN 2,CLASSIC PRIME",260.18,00703377533
K10E0181187,MOHAMMED SHAMEER K,919947924644,SAMEERMMANZIL PULIKKAL MALAPPURAM 673637.PIN,"CLASSIC PRIME,FLOWERS",245.18,3144157094
K10E0181189,SAHILAMM,918089777071,AYIKKARAPPADI PULIKKAL MALAPPUURAM 373637,"FLOWERS,ASIANET MOVIES,CLASSIC MEDIUM,SONY YAY,KOCHU TV",162,00693992055
K10E0181191,AHAMEDKOYA,919744082779,HOUSE PULIKKAL MALAPPURAM 673637,"CLASSIC PRIME,SONY TEN 2",250.18,00646009515
K10E0181192,SURESHP,919846243424,mudannurparaamb ayikkarapdi malappuram pin.673637,"CLASSIC PRIME,FLOWERS",245.18,00655816661
K10E0181193,MUHOHMMDSAMEERK,919847941508,edakkattu pulikkal malappuram 673637,"FLOWERS,CLASSIC PRIME",245.18,00703339213
K10E0181195,SHNOOBKHAN,919061611580,ks houes kurieadam ayikkarappady malappuram,"CLASSIC PRIME,FLOWERS",245.18,00654787538
K10E0181196,SAIEEM,919633598144,CHIRAKKAL HOUSE,SPORTS PREMIUM,299.02,00703340411
K10E0181198,MANOJ,918943762485,cholakkal pulikkal malappuram 673634,"CLASSIC PRIME,FLOWERS",245.18,3144120942
K10E0181200,PEETHAMBARAN,919947838504,CHELUVEETTIL PULIKKAL MALAPPURAM 673637,"FLOWERS,CLASSIC PRIME",245.18,3144119532
K10E0181203,MOHAMMEDFAHISM,919020333555,cholakkara ayikkarapadi malappuram 673637,"FLOWERS,CLASSIC PRIME",245.18,00703342095
K10E0181204,SHAJI,919562529758,kalathingal pulikkal malappuram 673638,"CLASSIC PRIME,FLOWERS",245.18,00700639291
K10E0181205,SHIJRAJv,919567362873,Pallikkarapura.H Ayikkarappdi. PO Malappuram PN. 673637,SPORTS PREMIUM HD,338.54,3144119460
K10E0181207,NOSHADKP,919961002003,parachaiihamamal kannamvettikkavu.po. malappuram 673637,"CLASSIC PRIME,FLOWERS",245.18,00697220119
K10E0181210,Pramod,919747648041,Ottakanjiram Pulikkal Malappuram 676367,"CLASSIC PRIME,FLOWERS,COLORS TAMIL",248.18,00654836631
K10E0181212,Kuttan,919747163596,deepanivas pulikkal malappuram 673637,"FLOWERS,CLASSIC PRIME",245.18,00703272344
K10E0181213,Sayedali Meeran,918113993726,ayshas h ayikkappdi malappuram pin673637,CLASSIC PRIME,235.18,00703458148
K10E0181214,Sivadasan,918281427517,Amalilpurayi Pulikkal Malappuram,"CLASSIC PRIME,FLOWERS",245.18,3147737185
K10E0181215,Dasan P,919048067650,Kallayitadamm ho Kannamvetttika pulikkal,"FLOWERS,CLASSIC PRIME",245.18,00654772785
K10E0181216,Shareef,919947693288,Palassery house Pulikkal Siyamkandam,"FLOWERS,CLASSIC PRIME",245.18,00654829760
K10E0181217,Badusha,919746521084,Paloth/Vennayur/ayikarapadi,"CLASSIC PRIME,FLOWERS",245.18,00654611383
K10E0181218,Nabeel C,919061217553,Chamaparamb Pulikel,"CLASSIC PRIME,FLOWERS",245.18,3147711834
K10E0181220,ANJU,919496583108,Pulakkat h Kohinoor Ramanattukaraaa,"FLOWERS,CLASSIC PRIME",245.18,00683151568
K10E0181221,Balakrishnan Nair M,919745607059,Kuttiyil h Paravoor Pulikkala po,"FLOWERS,CLASSIC PRIME",245.18,3149012038
K10E0181222,SUBRAMANYAN,918606284698,Mambatta. H Pulikkala. Po Malappuram,"FLOWERS,CLASSIC PRIME",245.18,00652909525
K10E0181224,Binish K,919744376025,Binish Bhavan Pulikkal Paravoor,ECONOMY,267.36,2941792040
K10E0181225,Saleema M,919562944925,Fathimas Kannamvettikavu Malappuram,"CLASSIC PRIME,FLOWERS",245.18,00652908732
K10E0181226,Iswarya P,919500856320,Vennsyur Quarters Ayikkarapadi,CLASSIC PRIME TAMIL BASE,235.4,00654618403
K10E0181227,Mohanachandran,919744457816,Nanchakkat h Siyamkandam Pulikkala Malappuram,"STAR MOVIES HD,DIGITAL PREMIUM HD",315.89,3141938090
K10E0181228,Mohanchqndran,919744457816,Nanchakkat h Siyamkandam Pulikkala po Malappuram,"CLASSIC PRIME,FLOWERS",245.18,3141952897
K10E0181229,Balakrishnan,919744365755,Palakuttiparab h Pallikkal Malappuram,"FLOWERS,CLASSIC PRIME",245.18,3141945256
K10E0181230,Avani Raj M,918606425403,Mambatta Cherukkav Pulikkala Malappurm,"FLOWERS,CLASSIC PRIME",245.18,00704271969
K10E0181231,Abilash,919526115499,Mudanoor Parab Ayikkarapadi Kuriyodam,"CLASSIC PRIME,FLOWERS",245.18,00704271737
K10E0181233,Ishakpp,919961690212,Chamaparambl Pulikkal,"FLOWERS,CLASSIC PRIME",245.18,00697152937
K10E0181235,Saneesh,919847095777,Cherumanassery Kuriyodam,"CLASSIC PRIME,FLOWERS",245.18,00704253812
K10E0181236,Venugopalank,919400589541,Lakshamiyamma Siyamkandam Pulikkal,SPORTS PREMIUM,299.02,00704254589
K10E0181237,Sukumaranp,919847508104,Kallayithadathil Kannamvettikkavu Cherukavu,"FOX LIFE,CLASSIC PRIME,SONY TEN 2,SONY TEN 1,FLOWERS",280.18,00703368169
K10E0181238,BiBITHA P,918606012631,Sathyatil h Ayyikarapadi Malappuram,"FLOWERS,CLASSIC PRIME",245.18,00704286022
K10E0181239,Haneefmt,919847194268,Turakkal Periyambalam Pulikka 673637,"FLOWERS,CLASSIC PRIME",245.18,00703725429
K10E0181240,Abdulazees,919845674321,cheratu.parambil Paravoor.pulikkal,"CLASSIC PRIME,SONY TEN 2,FLOWERS",260.18,00655692812
K10E0181241,Chandrikap,919656006594,Potasshari Ottakangiram Pulikkal,"FLOWERS,CLASSIC PRIME",245.18,00702516582
K10E0181242,Abdul Salim,919567246593,Malekkatt.parambil. Puthupadam Cherukavu,CLASSIC PRIME,235.18,00704288734
K10E0181243,Moideenkutty,919400892238,Chakkammattu purayi.periyambalam,"FLOWERS,CLASSIC PRIME",245.18,00704288024
K10E0181244,Noufal Vp,919847335893,Poothilayil.periyambalam.cherukavu,"FLOWERS,CLASSIC PRIME",245.18,00704310344
K10E0181245,Satheeshk,918848779080,Patham.nova.paravoor.pulikkal,"FLOWERS,CLASSIC PRIME",245.18,00704309765
K10E0181246,Pathom,919072011578,Chakkammat.hours Periyambalam Cherukavu,"CLASSIC PRIME,FLOWERS",245.18,00704286861
K10E0181248,Shaharbanu P P,918086589342,Painginparamban Chamaparambil Pulikkal,"FLOWERS,CLASSIC PRIME",245.18,00704288071
K10E0181249,Vanugopalan A,919847786692,Kazhiyampadam Karavanthirathy Feroke,"FLOWERS,CLASSIC PRIME",245.18,00654704325
K10E0181251,KC Balakrishnann,919895345514,Savithri nilayam Thirumala pulikkal,"FLOWERS,CLASSIC PRIME",245.18,00654843889
K10E0181252,BABU T V,919188214335,Vettath house Cherukavu pulikkal,"VH1 MUSIC,CLASSIC PRIME,FLOWERS",246.18,00704306790
K10E0181253,Vilasini K,919656075409,Malekkattupuray Puthoopadam Cherukavu,"FLOWERS,CLASSIC PRIME",245.18,00704281451
K10E0181254,Safwan K,919544591353,Baitshul mashahik Siyamkandam Cherukavu,"FLOWERS,CLASSIC PRIME",245.18,00704306975
K10E0181255,Ranjisha K,917907885632,Karuhedath. House Pulikkal Periyambalam,"FLOWERS,CLASSIC PRIME",245.18,00704311248
K10E0181257,Sunder P,919847617320,Kara ng at Pulikkal.,"SPORTS PREMIUM HD,STAR MOVIES HD,ASIANET HD,STAR SPORTS SELECT 2 HD,STAR SPORTS SELECT 1 HD",405.54,0B05CD3F
K10E0181258,Mohammed Jamal Pp,917592974645,Put hen peedikakkar Ayikkarappadi Puthupadam,"FLOWERS,CLASSIC PRIME",245.18,00704281320
K10E0181259,Hafseena P,919645789389,Kajjatturulam Noam Param u Thiruvanar,"KTV,FLOWERS,CLASSIC PRIME",264.18,00704310973
K10E0181262,Ramfeena C B,917306815650,jameelapulikkal,"FLOWERS,CLASSIC PRIME",245.18,00704281348
K10E0181264,Ashraf Pk,919744002246,Chakkarapadi Cherukavu Malappuram,"FLOWERS,CLASSIC PRIME",245.18,00704304686
K10E0181265,Minder Kp,919947375703,Ku thirsty u para bio Azhinhilam Vazhayur,CLASSIC PRIME,235.18,00646190586
K10E0181266,Saidalavi Pp,918086111139,P.parambil Kannamvettikkavu Cherukavu Malappuram,"FLOWERS,CLASSIC PRIME",245.18,00704283768
K10E0181269,Habeeb Rah Man A,919847008018,Mohammed A Parakkottil Puthoopadam Cherukavu,"FLOWERS,CLASSIC PRIME",245.18,00655695934
K10E0181270,Hammeed A,919847143056,Nayikottakjal K.v.kavu Cherukavu,"FLOWERS,CLASSIC PRIME",245.18,00704307050
K10E0181272,Shaharban,919847930448,Davasamparamb Perlyamalamm Pulikkal,CLASSIC MEDIUM,130,1703FD5B
K10E0181273,Shylaja Ok,919544617299,Mayakkara appartament Puthupadam,"FLOWERS,CLASSIC PRIME",245.18,00654801508
K10E0181274,Afira T,918075453309,Tazhathee Paruthippar,SPORTS PREMIUM HD,338.54,17044373
K10E0181275,Ali Askar M,919567746478,Mudakkayil Pallikkal,"FLOWERS,CLASSIC PRIME,SONY TEN 3,SONY TEN 2",277.18,170443F7
K10E0181282,Shajeesh,919961105055,Vasu.koodamvetti Puthiyedath.puray Cherukavu,"CLASSIC PRIME,FLOWERS",245.18,0B0651C4
K10E0181288,Asheem Mp,919995737438,Abdul azez mp Kottattil Syamkadam,"CLASSIC PRIME,FLOWERS",245.18,0B065110
K10E0181289,LUQMAN C,919947336373,DEVASAM PARAMB PERIYAMBALAM,SPORTS PREMIUM,299.02,17051A2E
K10E0181291,Prasobh P,919645897843,Praambathana Charuppa Mavoor,SPORTS PREMIUM,299.02,3149951228
K10E0181292,Kunhimuhammed,919605459380,Parambil house ayikkarapadi,"FLOWERS,CLASSIC PRIME",245.18,00654813913
K10E0181293,Prasobh,919633156249,Parabmath.pulikal,"SPORTS PREMIUM HD,ASIANET HD",357.54,3152070443
K10E0181294,Govindan Amvali,919847855567,Narayanan Nair am bali.vnindavanam.kundukalangara.pulikkal,"FLOWERS,CLASSIC PRIME,SONY TEN 2",260.18,3149947755
K10E0181297,Radhakrishnan P,919656478119,Puthiyedath house Pulikkal,"FLOWERS,CLASSIC PRIME",245.18,2937256099
K10E0181298,Shaji K,919061723933,Vadakkekandy Ambalakandy,"FLOWERS,CLASSIC PRIME",245.18,00646001111
K10E0181299,Abdussalam Koilloi,919400404804,Kappl periyambalam,"CLASSIC PRIME,FLOWERS",245.18,17078DAA
K10E0181301,Amra P,919400385634,Al hilal.siyamkadam Pulikkal,"CLASSIC PRIME,FLOWERS",245.18,17076CFA
K10E0181302,Abdul Razack Eriyadan,919947206381,Palliyali house Pulikkal paravoor,CLASSIC MEDIUM,130,3152071163
K10E0181303,Velayudan Pk,919744808256,Poothamkuttikadappadi pulikkal,"FLOWERS,CLASSIC PRIME",245.18,2923733242
K10E0181304,Aminabee Paloth,919947063304,Bushara manzil ayikkarapadi,"CLASSIC PRIME,FLOWERS",245.18,00646059515
K10E0181305,Sareena Pp,917902691296,Thirumala puryi Pulikkal,"FLOWERS,CLASSIC PRIME",245.18,3152194144
K10E0181306,Firoz Pn,919972592051,Amblil house siyamkandam,SPORTS PREMIUM HD,338.54,3152072778
